instance,algorithm,movement_mode,scheme,seed,population,evaluation_budget,evaluations,best_found_at_evaluation,cost,rpd,feasible,initially_feasible_rate,added_columns,removed_columns,runtime_seconds,python,numpy,role,scale,reference_type
scp42,ABLATION_IID,IID,V3-ELIT,0,10,6000,6000,393,524.0,2.34375,True,0.0016666666666666668,286480,57720,7.127557958010584,3.13.15,2.5.1,test,small,optimum
scp42,ABLATION_IID,IID,V3-ELIT,1,10,6000,6000,4861,524.0,2.34375,True,0.0016666666666666668,284623,56749,7.115200084168464,3.13.15,2.5.1,test,small,optimum
scp42,ABLATION_IID,IID,V3-ELIT,10,10,6000,6000,780,524.0,2.34375,True,0.0016666666666666668,285937,57472,7.726862667128444,3.13.15,2.5.1,test,small,optimum
scp42,ABLATION_IID,IID,V3-ELIT,11,10,6000,6000,510,524.0,2.34375,True,0.0016666666666666668,285995,57697,7.679520625155419,3.13.15,2.5.1,test,small,optimum
scp42,ABLATION_IID,IID,V3-ELIT,12,10,6000,6000,3917,524.0,2.34375,True,0.0016666666666666668,285108,56926,7.129175124689937,3.13.15,2.5.1,test,small,optimum
scp42,ABLATION_IID,IID,V3-ELIT,13,10,6000,6000,621,524.0,2.34375,True,0.0016666666666666668,286134,57662,7.158186917193234,3.13.15,2.5.1,test,small,optimum
scp42,ABLATION_IID,IID,V3-ELIT,14,10,6000,6000,435,521.0,1.7578125,True,0.0016666666666666668,289613,58726,7.183685957919806,3.13.15,2.5.1,test,small,optimum
scp42,ABLATION_IID,IID,V3-ELIT,15,10,6000,6000,438,514.0,0.390625,True,0.0016666666666666668,289266,59928,7.2464423342607915,3.13.15,2.5.1,test,small,optimum
scp42,ABLATION_IID,IID,V3-ELIT,16,10,6000,6000,134,522.0,1.953125,True,0.0016666666666666668,286598,58432,6.733394999988377,3.13.15,2.5.1,test,small,optimum
scp42,ABLATION_IID,IID,V3-ELIT,17,10,6000,6000,3355,524.0,2.34375,True,0.0016666666666666668,286138,57169,6.735351958312094,3.13.15,2.5.1,test,small,optimum
scp42,ABLATION_IID,IID,V3-ELIT,18,10,6000,6000,1763,524.0,2.34375,True,0.0016666666666666668,286233,57522,6.726981332991272,3.13.15,2.5.1,test,small,optimum
scp42,ABLATION_IID,IID,V3-ELIT,19,10,6000,6000,635,524.0,2.34375,True,0.0016666666666666668,286567,57785,6.807105707935989,3.13.15,2.5.1,test,small,optimum
scp42,ABLATION_IID,IID,V3-ELIT,2,10,6000,6000,899,524.0,2.34375,True,0.0016666666666666668,286279,57505,7.187169250100851,3.13.15,2.5.1,test,small,optimum
scp42,ABLATION_IID,IID,V3-ELIT,20,10,6000,6000,556,524.0,2.34375,True,0.0015,286110,57459,6.748089291621,3.13.15,2.5.1,test,small,optimum
scp42,ABLATION_IID,IID,V3-ELIT,21,10,6000,6000,4838,514.0,0.390625,True,0.0016666666666666668,287062,58606,7.193103000055999,3.13.15,2.5.1,test,small,optimum
scp42,ABLATION_IID,IID,V3-ELIT,22,10,6000,6000,512,524.0,2.34375,True,0.0016666666666666668,286201,57531,7.1418792912736535,3.13.15,2.5.1,test,small,optimum
scp42,ABLATION_IID,IID,V3-ELIT,23,10,6000,6000,5331,524.0,2.34375,True,0.0016666666666666668,285122,56539,7.152759834192693,3.13.15,2.5.1,test,small,optimum
scp42,ABLATION_IID,IID,V3-ELIT,24,10,6000,6000,1624,524.0,2.34375,True,0.0016666666666666668,286303,57574,7.584642415866256,3.13.15,2.5.1,test,small,optimum
scp42,ABLATION_IID,IID,V3-ELIT,25,10,6000,6000,2710,520.0,1.5625,True,0.0016666666666666668,285190,57278,7.577981083653867,3.13.15,2.5.1,test,small,optimum
scp42,ABLATION_IID,IID,V3-ELIT,26,10,6000,6000,3590,524.0,2.34375,True,0.0016666666666666668,285645,57263,7.617058792151511,3.13.15,2.5.1,test,small,optimum
scp42,ABLATION_IID,IID,V3-ELIT,27,10,6000,6000,779,524.0,2.34375,True,0.0015,285317,57221,7.596476499922574,3.13.15,2.5.1,test,small,optimum
scp42,ABLATION_IID,IID,V3-ELIT,28,10,6000,6000,3065,524.0,2.34375,True,0.0015,285167,56879,8.13016604213044,3.13.15,2.5.1,test,small,optimum
scp42,ABLATION_IID,IID,V3-ELIT,29,10,6000,6000,5000,524.0,2.34375,True,0.0016666666666666668,285023,56725,8.170938499737531,3.13.15,2.5.1,test,small,optimum
scp42,ABLATION_IID,IID,V3-ELIT,3,10,6000,6000,1979,524.0,2.34375,True,0.0016666666666666668,285936,57197,7.177958707790822,3.13.15,2.5.1,test,small,optimum
scp42,ABLATION_IID,IID,V3-ELIT,30,10,6000,6000,754,524.0,2.34375,True,0.0016666666666666668,286381,57866,8.187852916773409,3.13.15,2.5.1,test,small,optimum
scp42,ABLATION_IID,IID,V3-ELIT,4,10,6000,6000,623,524.0,2.34375,True,0.0016666666666666668,287161,57906,7.950921750161797,3.13.15,2.5.1,test,small,optimum
scp42,ABLATION_IID,IID,V3-ELIT,5,10,6000,6000,3650,520.0,1.5625,True,0.0016666666666666668,284552,57041,7.8520512082614005,3.13.15,2.5.1,test,small,optimum
scp42,ABLATION_IID,IID,V3-ELIT,6,10,6000,6000,87,524.0,2.34375,True,0.0016666666666666668,286287,58058,7.928637958597392,3.13.15,2.5.1,test,small,optimum
scp42,ABLATION_IID,IID,V3-ELIT,7,10,6000,6000,2770,524.0,2.34375,True,0.0016666666666666668,285241,56731,7.969534458126873,3.13.15,2.5.1,test,small,optimum
scp42,ABLATION_IID,IID,V3-ELIT,8,10,6000,6000,1014,524.0,2.34375,True,0.0016666666666666668,285882,57521,7.777851874940097,3.13.15,2.5.1,test,small,optimum
scp42,ABLATION_IID,IID,V3-ELIT,9,10,6000,6000,905,524.0,2.34375,True,0.0016666666666666668,285886,57494,7.691738124936819,3.13.15,2.5.1,test,small,optimum
scp42,BGWO,REFERENCE,V3-ELIT,0,10,6000,6000,1953,524.0,2.34375,True,0.0016666666666666668,149203,32264,5.01593654230237,3.13.15,2.5.1,test,small,optimum
scp42,BGWO,REFERENCE,V3-ELIT,1,10,6000,6000,4642,524.0,2.34375,True,0.0016666666666666668,148448,31544,5.005546083673835,3.13.15,2.5.1,test,small,optimum
scp42,BGWO,REFERENCE,V3-ELIT,10,10,6000,6000,683,524.0,2.34375,True,0.0016666666666666668,149238,32090,4.156632333062589,3.13.15,2.5.1,test,small,optimum
scp42,BGWO,REFERENCE,V3-ELIT,11,10,6000,6000,2937,524.0,2.34375,True,0.0016666666666666668,149058,32173,4.189691917039454,3.13.15,2.5.1,test,small,optimum
scp42,BGWO,REFERENCE,V3-ELIT,12,10,6000,6000,3316,521.0,1.7578125,True,0.0016666666666666668,150949,31965,4.083756666164845,3.13.15,2.5.1,test,small,optimum
scp42,BGWO,REFERENCE,V3-ELIT,13,10,6000,6000,2263,524.0,2.34375,True,0.0016666666666666668,149520,32312,4.119888290762901,3.13.15,2.5.1,test,small,optimum
scp42,BGWO,REFERENCE,V3-ELIT,14,10,6000,6000,1049,524.0,2.34375,True,0.0016666666666666668,149565,32333,4.097204166930169,3.13.15,2.5.1,test,small,optimum
scp42,BGWO,REFERENCE,V3-ELIT,15,10,6000,6000,876,524.0,2.34375,True,0.0016666666666666668,149915,32030,4.129858042113483,3.13.15,2.5.1,test,small,optimum
scp42,BGWO,REFERENCE,V3-ELIT,16,10,6000,6000,4614,524.0,2.34375,True,0.0016666666666666668,148059,31550,4.041784000117332,3.13.15,2.5.1,test,small,optimum
scp42,BGWO,REFERENCE,V3-ELIT,17,10,6000,6000,74,525.0,2.5390625,True,0.0016666666666666668,148900,31559,4.095737499650568,3.13.15,2.5.1,test,small,optimum
scp42,BGWO,REFERENCE,V3-ELIT,18,10,6000,6000,617,524.0,2.34375,True,0.0016666666666666668,148881,31940,4.088969000149518,3.13.15,2.5.1,test,small,optimum
scp42,BGWO,REFERENCE,V3-ELIT,19,10,6000,6000,5160,514.0,0.390625,True,0.0016666666666666668,149704,32717,4.551748665980995,3.13.15,2.5.1,test,small,optimum
scp42,BGWO,REFERENCE,V3-ELIT,2,10,6000,6000,151,521.0,1.7578125,True,0.0016666666666666668,152124,32303,5.079901583958417,3.13.15,2.5.1,test,small,optimum
scp42,BGWO,REFERENCE,V3-ELIT,20,10,6000,6000,4926,524.0,2.34375,True,0.0016666666666666668,148405,31449,4.674639875069261,3.13.15,2.5.1,test,small,optimum
scp42,BGWO,REFERENCE,V3-ELIT,21,10,6000,6000,124,524.0,2.34375,True,0.0016666666666666668,149743,32288,4.885585832875222,3.13.15,2.5.1,test,small,optimum
scp42,BGWO,REFERENCE,V3-ELIT,22,10,6000,6000,273,524.0,2.34375,True,0.0016666666666666668,149860,32513,4.848770083393902,3.13.15,2.5.1,test,small,optimum
scp42,BGWO,REFERENCE,V3-ELIT,23,10,6000,6000,1731,520.0,1.5625,True,0.0016666666666666668,148021,31595,4.903295041061938,3.13.15,2.5.1,test,small,optimum
scp42,BGWO,REFERENCE,V3-ELIT,24,10,6000,6000,3757,524.0,2.34375,True,0.0016666666666666668,148893,32104,4.940877582877874,3.13.15,2.5.1,test,small,optimum
scp42,BGWO,REFERENCE,V3-ELIT,25,10,6000,6000,2715,524.0,2.34375,True,0.0016666666666666668,149616,32153,4.5717352498322725,3.13.15,2.5.1,test,small,optimum
scp42,BGWO,REFERENCE,V3-ELIT,26,10,6000,6000,101,525.0,2.5390625,True,0.0016666666666666668,148598,31504,4.533883874770254,3.13.15,2.5.1,test,small,optimum
scp42,BGWO,REFERENCE,V3-ELIT,27,10,6000,6000,1592,514.0,0.390625,True,0.0016666666666666668,149865,32690,4.634480458684266,3.13.15,2.5.1,test,small,optimum
scp42,BGWO,REFERENCE,V3-ELIT,28,10,6000,6000,3051,524.0,2.34375,True,0.0016666666666666668,148172,31593,4.03258804185316,3.13.15,2.5.1,test,small,optimum
scp42,BGWO,REFERENCE,V3-ELIT,29,10,6000,6000,178,521.0,1.7578125,True,0.0016666666666666668,150829,32062,4.105462749954313,3.13.15,2.5.1,test,small,optimum
scp42,BGWO,REFERENCE,V3-ELIT,3,10,6000,6000,81,521.0,1.7578125,True,0.0016666666666666668,148906,31840,5.013013625051826,3.13.15,2.5.1,test,small,optimum
scp42,BGWO,REFERENCE,V3-ELIT,30,10,6000,6000,2284,524.0,2.34375,True,0.0016666666666666668,149907,32421,4.103477042168379,3.13.15,2.5.1,test,small,optimum
scp42,BGWO,REFERENCE,V3-ELIT,4,10,6000,6000,84,524.0,2.34375,True,0.0016666666666666668,149838,32610,4.310306292027235,3.13.15,2.5.1,test,small,optimum
scp42,BGWO,REFERENCE,V3-ELIT,5,10,6000,6000,91,524.0,2.34375,True,0.0016666666666666668,148545,31837,4.30009741615504,3.13.15,2.5.1,test,small,optimum
scp42,BGWO,REFERENCE,V3-ELIT,6,10,6000,6000,3355,524.0,2.34375,True,0.0016666666666666668,149901,32169,4.273048665840179,3.13.15,2.5.1,test,small,optimum
scp42,BGWO,REFERENCE,V3-ELIT,7,10,6000,6000,1059,520.0,1.5625,True,0.0016666666666666668,148394,31744,4.209976875223219,3.13.15,2.5.1,test,small,optimum
scp42,BGWO,REFERENCE,V3-ELIT,8,10,6000,6000,440,524.0,2.34375,True,0.0016666666666666668,150018,32653,4.181042082607746,3.13.15,2.5.1,test,small,optimum
scp42,BGWO,REFERENCE,V3-ELIT,9,10,6000,6000,3781,521.0,1.7578125,True,0.0016666666666666668,150904,32110,4.226386582944542,3.13.15,2.5.1,test,small,optimum
scp42,BPSO,REFERENCE,V3-ELIT,0,10,6000,6000,86,525.0,2.5390625,True,0.0016666666666666668,469120,97301,11.393620290793478,3.13.15,2.5.1,test,small,optimum
scp42,BPSO,REFERENCE,V3-ELIT,1,10,6000,6000,27,527.0,2.9296875,True,0.0016666666666666668,468700,93354,11.20088666677475,3.13.15,2.5.1,test,small,optimum
scp42,BPSO,REFERENCE,V3-ELIT,10,10,6000,6000,46,525.0,2.5390625,True,0.0016666666666666668,469404,97289,12.072445499710739,3.13.15,2.5.1,test,small,optimum
scp42,BPSO,REFERENCE,V3-ELIT,11,10,6000,6000,52,525.0,2.5390625,True,0.0016666666666666668,469455,97455,12.102639375254512,3.13.15,2.5.1,test,small,optimum
scp42,BPSO,REFERENCE,V3-ELIT,12,10,6000,6000,72,525.0,2.5390625,True,0.0016666666666666668,469010,97496,12.068148917052895,3.13.15,2.5.1,test,small,optimum
scp42,BPSO,REFERENCE,V3-ELIT,13,10,6000,6000,132,525.0,2.5390625,True,0.0016666666666666668,469379,97401,12.034404625184834,3.13.15,2.5.1,test,small,optimum
scp42,BPSO,REFERENCE,V3-ELIT,14,10,6000,6000,33,525.0,2.5390625,True,0.0016666666666666668,469416,97285,12.060608999803662,3.13.15,2.5.1,test,small,optimum
scp42,BPSO,REFERENCE,V3-ELIT,15,10,6000,6000,41,525.0,2.5390625,True,0.0016666666666666668,469612,97449,12.058957708068192,3.13.15,2.5.1,test,small,optimum
scp42,BPSO,REFERENCE,V3-ELIT,16,10,6000,6000,70,525.0,2.5390625,True,0.0016666666666666668,469125,97275,11.959365583024919,3.13.15,2.5.1,test,small,optimum
scp42,BPSO,REFERENCE,V3-ELIT,17,10,6000,6000,31,525.0,2.5390625,True,0.0016666666666666668,468939,97400,11.935767500195652,3.13.15,2.5.1,test,small,optimum
scp42,BPSO,REFERENCE,V3-ELIT,18,10,6000,6000,32,525.0,2.5390625,True,0.0016666666666666668,468615,97251,11.91081116674468,3.13.15,2.5.1,test,small,optimum
scp42,BPSO,REFERENCE,V3-ELIT,19,10,6000,6000,114,525.0,2.5390625,True,0.0016666666666666668,469534,97421,11.992187957745045,3.13.15,2.5.1,test,small,optimum
scp42,BPSO,REFERENCE,V3-ELIT,2,10,6000,6000,25,525.0,2.5390625,True,0.0016666666666666668,469342,97349,11.371232625097036,3.13.15,2.5.1,test,small,optimum
scp42,BPSO,REFERENCE,V3-ELIT,20,10,6000,6000,60,525.0,2.5390625,True,0.0016666666666666668,468870,97290,12.184598000254482,3.13.15,2.5.1,test,small,optimum
scp42,BPSO,REFERENCE,V3-ELIT,21,10,6000,6000,132,525.0,2.5390625,True,0.0016666666666666668,468996,97215,11.74540749983862,3.13.15,2.5.1,test,small,optimum
scp42,BPSO,REFERENCE,V3-ELIT,22,10,6000,6000,22,525.0,2.5390625,True,0.0016666666666666668,469042,97323,11.79797379206866,3.13.15,2.5.1,test,small,optimum
scp42,BPSO,REFERENCE,V3-ELIT,23,10,6000,6000,37,525.0,2.5390625,True,0.0016666666666666668,468405,97256,11.778703707735986,3.13.15,2.5.1,test,small,optimum
scp42,BPSO,REFERENCE,V3-ELIT,24,10,6000,6000,34,525.0,2.5390625,True,0.0016666666666666668,469231,97444,11.286191833205521,3.13.15,2.5.1,test,small,optimum
scp42,BPSO,REFERENCE,V3-ELIT,25,10,6000,6000,110,525.0,2.5390625,True,0.0016666666666666668,469731,97612,11.66671079210937,3.13.15,2.5.1,test,small,optimum
scp42,BPSO,REFERENCE,V3-ELIT,26,10,6000,6000,25,525.0,2.5390625,True,0.0016666666666666668,469154,97268,11.661424458026886,3.13.15,2.5.1,test,small,optimum
scp42,BPSO,REFERENCE,V3-ELIT,27,10,6000,6000,105,525.0,2.5390625,True,0.0016666666666666668,469471,97360,11.755873125046492,3.13.15,2.5.1,test,small,optimum
scp42,BPSO,REFERENCE,V3-ELIT,28,10,6000,6000,31,525.0,2.5390625,True,0.0016666666666666668,469228,97539,12.26153483428061,3.13.15,2.5.1,test,small,optimum
scp42,BPSO,REFERENCE,V3-ELIT,29,10,6000,6000,107,525.0,2.5390625,True,0.0016666666666666668,469200,97322,12.274908790830523,3.13.15,2.5.1,test,small,optimum
scp42,BPSO,REFERENCE,V3-ELIT,3,10,6000,6000,62,525.0,2.5390625,True,0.0016666666666666668,469580,97469,11.430910874623805,3.13.15,2.5.1,test,small,optimum
scp42,BPSO,REFERENCE,V3-ELIT,30,10,6000,6000,163,525.0,2.5390625,True,0.0016666666666666668,469123,97350,12.282779458910227,3.13.15,2.5.1,test,small,optimum
scp42,BPSO,REFERENCE,V3-ELIT,4,10,6000,6000,72,525.0,2.5390625,True,0.0016666666666666668,468947,97327,12.094082084018737,3.13.15,2.5.1,test,small,optimum
scp42,BPSO,REFERENCE,V3-ELIT,5,10,6000,6000,32,525.0,2.5390625,True,0.0016666666666666668,468918,97137,12.088006292004138,3.13.15,2.5.1,test,small,optimum
scp42,BPSO,REFERENCE,V3-ELIT,6,10,6000,6000,21,525.0,2.5390625,True,0.0016666666666666668,469120,97280,12.212619457859546,3.13.15,2.5.1,test,small,optimum
scp42,BPSO,REFERENCE,V3-ELIT,7,10,6000,6000,24,525.0,2.5390625,True,0.0016666666666666668,469278,97416,12.234829416964203,3.13.15,2.5.1,test,small,optimum
scp42,BPSO,REFERENCE,V3-ELIT,8,10,6000,6000,35,525.0,2.5390625,True,0.0016666666666666668,469511,97342,12.173472834285349,3.13.15,2.5.1,test,small,optimum
scp42,BPSO,REFERENCE,V3-ELIT,9,10,6000,6000,33,525.0,2.5390625,True,0.0016666666666666668,468607,97268,12.076188625302166,3.13.15,2.5.1,test,small,optimum
scp42,BPWO,PWO,S2-ELIT,0,10,6000,6000,108,525.0,2.5390625,True,0.0016666666666666668,129900,28408,4.905693790875375,3.13.15,2.5.1,test,small,optimum
scp42,BPWO,PWO,S2-ELIT,1,10,6000,6000,312,524.0,2.34375,True,0.0016666666666666668,130657,29490,4.8839192083105445,3.13.15,2.5.1,test,small,optimum
scp42,BPWO,PWO,S2-ELIT,10,10,6000,6000,4528,514.0,0.390625,True,0.0016666666666666668,131548,29326,3.9442550423555076,3.13.15,2.5.1,test,small,optimum
scp42,BPWO,PWO,S2-ELIT,11,10,6000,6000,43,525.0,2.5390625,True,0.0016666666666666668,130250,28558,3.9627404999919236,3.13.15,2.5.1,test,small,optimum
scp42,BPWO,PWO,S2-ELIT,12,10,6000,6000,3819,521.0,1.7578125,True,0.0016666666666666668,132240,29448,3.7543890001252294,3.13.15,2.5.1,test,small,optimum
scp42,BPWO,PWO,S2-ELIT,13,10,6000,6000,2106,524.0,2.34375,True,0.0016666666666666668,130793,29105,3.7448222911916673,3.13.15,2.5.1,test,small,optimum
scp42,BPWO,PWO,S2-ELIT,14,10,6000,6000,1921,524.0,2.34375,True,0.0016666666666666668,131138,29534,3.725898082833737,3.13.15,2.5.1,test,small,optimum
scp42,BPWO,PWO,S2-ELIT,15,10,6000,6000,140,523.0,2.1484375,True,0.0016666666666666668,130662,29519,3.723593957722187,3.13.15,2.5.1,test,small,optimum
scp42,BPWO,PWO,S2-ELIT,16,10,6000,6000,208,524.0,2.34375,True,0.0016666666666666668,130461,29291,4.274103791918606,3.13.15,2.5.1,test,small,optimum
scp42,BPWO,PWO,S2-ELIT,17,10,6000,6000,758,514.0,0.390625,True,0.0016666666666666668,132071,29924,4.458212084136903,3.13.15,2.5.1,test,small,optimum
scp42,BPWO,PWO,S2-ELIT,18,10,6000,6000,58,524.0,2.34375,True,0.0016666666666666668,130422,29445,4.458577333949506,3.13.15,2.5.1,test,small,optimum
scp42,BPWO,PWO,S2-ELIT,19,10,6000,6000,96,525.0,2.5390625,True,0.0016666666666666668,129824,28414,4.438240208197385,3.13.15,2.5.1,test,small,optimum
scp42,BPWO,PWO,S2-ELIT,2,10,6000,6000,187,524.0,2.34375,True,0.0016666666666666668,130862,29138,4.884720916859806,3.13.15,2.5.1,test,small,optimum
scp42,BPWO,PWO,S2-ELIT,20,10,6000,6000,210,524.0,2.34375,True,0.0015,130856,29773,4.337058208882809,3.13.15,2.5.1,test,small,optimum
scp42,BPWO,PWO,S2-ELIT,21,10,6000,6000,43,524.0,2.34375,True,0.0016666666666666668,131145,29910,4.373744166921824,3.13.15,2.5.1,test,small,optimum
scp42,BPWO,PWO,S2-ELIT,22,10,6000,6000,1652,524.0,2.34375,True,0.0016666666666666668,131139,29232,4.314704124815762,3.13.15,2.5.1,test,small,optimum
scp42,BPWO,PWO,S2-ELIT,23,10,6000,6000,5712,520.0,1.5625,True,0.0016666666666666668,129591,28657,3.9187996671535075,3.13.15,2.5.1,test,small,optimum
scp42,BPWO,PWO,S2-ELIT,24,10,6000,6000,67,524.0,2.34375,True,0.0016666666666666668,131174,29598,3.7901837080717087,3.13.15,2.5.1,test,small,optimum
scp42,BPWO,PWO,S2-ELIT,25,10,6000,6000,1393,524.0,2.34375,True,0.0016666666666666668,130212,29078,3.6915876250714064,3.13.15,2.5.1,test,small,optimum
scp42,BPWO,PWO,S2-ELIT,26,10,6000,6000,1193,524.0,2.34375,True,0.0016666666666666668,131106,29317,3.678122124634683,3.13.15,2.5.1,test,small,optimum
scp42,BPWO,PWO,S2-ELIT,27,10,6000,6000,1876,524.0,2.34375,True,0.0015,130794,29157,3.714234915561974,3.13.15,2.5.1,test,small,optimum
scp42,BPWO,PWO,S2-ELIT,28,10,6000,6000,517,524.0,2.34375,True,0.0015,130962,29241,3.7914217920042574,3.13.15,2.5.1,test,small,optimum
scp42,BPWO,PWO,S2-ELIT,29,10,6000,6000,1828,524.0,2.34375,True,0.0016666666666666668,130974,29489,3.7320896671153605,3.13.15,2.5.1,test,small,optimum
scp42,BPWO,PWO,S2-ELIT,3,10,6000,6000,1623,524.0,2.34375,True,0.0016666666666666668,131007,29570,4.879108208231628,3.13.15,2.5.1,test,small,optimum
scp42,BPWO,PWO,S2-ELIT,30,10,6000,6000,3525,524.0,2.34375,True,0.0016666666666666668,130103,28920,3.7360377912409604,3.13.15,2.5.1,test,small,optimum
scp42,BPWO,PWO,S2-ELIT,4,10,6000,6000,2020,524.0,2.34375,True,0.0016666666666666668,130828,29187,3.7240044591017067,3.13.15,2.5.1,test,small,optimum
scp42,BPWO,PWO,S2-ELIT,5,10,6000,6000,590,524.0,2.34375,True,0.0016666666666666668,130641,29427,3.7275681253522635,3.13.15,2.5.1,test,small,optimum
scp42,BPWO,PWO,S2-ELIT,6,10,6000,6000,1440,524.0,2.34375,True,0.0016666666666666668,131133,29192,3.705972374882549,3.13.15,2.5.1,test,small,optimum
scp42,BPWO,PWO,S2-ELIT,7,10,6000,6000,256,524.0,2.34375,True,0.0016666666666666668,130409,29218,3.71330145932734,3.13.15,2.5.1,test,small,optimum
scp42,BPWO,PWO,S2-ELIT,8,10,6000,6000,50,525.0,2.5390625,True,0.0016666666666666668,130619,28699,3.921276416629553,3.13.15,2.5.1,test,small,optimum
scp42,BPWO,PWO,S2-ELIT,9,10,6000,6000,4649,514.0,0.390625,True,0.0016666666666666668,131308,29311,3.9815940000116825,3.13.15,2.5.1,test,small,optimum
scp42,BPWO,PWO,V3-ELIT,0,10,6000,6000,97,525.0,2.5390625,True,0.0016666666666666668,141351,30472,3.7773724999278784,3.13.15,2.5.1,test,small,optimum
scp42,BPWO,PWO,V3-ELIT,1,10,6000,6000,863,524.0,2.34375,True,0.0016666666666666668,142064,31496,3.7787098749540746,3.13.15,2.5.1,test,small,optimum
scp42,BPWO,PWO,V3-ELIT,10,10,6000,6000,138,514.0,0.390625,True,0.0016666666666666668,143739,32236,3.914582499768585,3.13.15,2.5.1,test,small,optimum
scp42,BPWO,PWO,V3-ELIT,11,10,6000,6000,51,523.0,2.1484375,True,0.0016666666666666668,143376,32125,3.930371042340994,3.13.15,2.5.1,test,small,optimum
scp42,BPWO,PWO,V3-ELIT,12,10,6000,6000,318,524.0,2.34375,True,0.0016666666666666668,142060,31641,4.718970499932766,3.13.15,2.5.1,test,small,optimum
scp42,BPWO,PWO,V3-ELIT,13,10,6000,6000,651,524.0,2.34375,True,0.0016666666666666668,141655,31390,4.729912624694407,3.13.15,2.5.1,test,small,optimum
scp42,BPWO,PWO,V3-ELIT,14,10,6000,6000,752,521.0,1.7578125,True,0.0016666666666666668,144615,32162,4.804211124777794,3.13.15,2.5.1,test,small,optimum
scp42,BPWO,PWO,V3-ELIT,15,10,6000,6000,71,525.0,2.5390625,True,0.0016666666666666668,141474,30727,4.7556495000608265,3.13.15,2.5.1,test,small,optimum
scp42,BPWO,PWO,V3-ELIT,16,10,6000,6000,3586,524.0,2.34375,True,0.0016666666666666668,141371,30744,4.089872041717172,3.13.15,2.5.1,test,small,optimum
scp42,BPWO,PWO,V3-ELIT,17,10,6000,6000,2805,514.0,0.390625,True,0.0016666666666666668,142782,31947,4.086401333101094,3.13.15,2.5.1,test,small,optimum
scp42,BPWO,PWO,V3-ELIT,18,10,6000,6000,141,525.0,2.5390625,True,0.0016666666666666668,140856,30531,3.966730957850814,3.13.15,2.5.1,test,small,optimum
scp42,BPWO,PWO,V3-ELIT,19,10,6000,6000,431,521.0,1.7578125,True,0.0016666666666666668,144583,32618,3.998417291790247,3.13.15,2.5.1,test,small,optimum
scp42,BPWO,PWO,V3-ELIT,2,10,6000,6000,4804,524.0,2.34375,True,0.0016666666666666668,141987,30862,3.7832707092165947,3.13.15,2.5.1,test,small,optimum
scp42,BPWO,PWO,V3-ELIT,20,10,6000,6000,1201,524.0,2.34375,True,0.0015,142134,31374,3.8840321670286357,3.13.15,2.5.1,test,small,optimum
scp42,BPWO,PWO,V3-ELIT,21,10,6000,6000,53,515.0,0.5859375,True,0.0016666666666666668,142015,31344,3.8882528748363256,3.13.15,2.5.1,test,small,optimum
scp42,BPWO,PWO,V3-ELIT,22,10,6000,6000,2585,521.0,1.7578125,True,0.0016666666666666668,143192,31444,3.876469832845032,3.13.15,2.5.1,test,small,optimum
scp42,BPWO,PWO,V3-ELIT,23,10,6000,6000,2160,522.0,1.953125,True,0.0016666666666666668,142727,31908,3.9006064157001674,3.13.15,2.5.1,test,small,optimum
scp42,BPWO,PWO,V3-ELIT,24,10,6000,6000,311,524.0,2.34375,True,0.0016666666666666668,142681,31752,3.805454291868955,3.13.15,2.5.1,test,small,optimum
scp42,BPWO,PWO,V3-ELIT,25,10,6000,6000,1173,524.0,2.34375,True,0.0016666666666666668,142539,31498,3.821452083066106,3.13.15,2.5.1,test,small,optimum
scp42,BPWO,PWO,V3-ELIT,26,10,6000,6000,1193,524.0,2.34375,True,0.0016666666666666668,142501,31485,3.8189190407283604,3.13.15,2.5.1,test,small,optimum
scp42,BPWO,PWO,V3-ELIT,27,10,6000,6000,2644,524.0,2.34375,True,0.0015,142382,31323,3.8010263331234455,3.13.15,2.5.1,test,small,optimum
scp42,BPWO,PWO,V3-ELIT,28,10,6000,6000,4549,524.0,2.34375,True,0.0015,141534,30793,3.8198881247080863,3.13.15,2.5.1,test,small,optimum
scp42,BPWO,PWO,V3-ELIT,29,10,6000,6000,1156,521.0,1.7578125,True,0.0016666666666666668,144164,31916,3.83371837483719,3.13.15,2.5.1,test,small,optimum
scp42,BPWO,PWO,V3-ELIT,3,10,6000,6000,846,524.0,2.34375,True,0.0016666666666666668,141836,31422,3.765216000378132,3.13.15,2.5.1,test,small,optimum
scp42,BPWO,PWO,V3-ELIT,30,10,6000,6000,1232,524.0,2.34375,True,0.0016666666666666668,142168,31533,3.8273637499660254,3.13.15,2.5.1,test,small,optimum
scp42,BPWO,PWO,V3-ELIT,4,10,6000,6000,327,524.0,2.34375,True,0.0016666666666666668,142642,31521,3.8249900001101196,3.13.15,2.5.1,test,small,optimum
scp42,BPWO,PWO,V3-ELIT,5,10,6000,6000,1251,520.0,1.5625,True,0.0016666666666666668,140781,30450,3.7979242498986423,3.13.15,2.5.1,test,small,optimum
scp42,BPWO,PWO,V3-ELIT,6,10,6000,6000,1440,524.0,2.34375,True,0.0016666666666666668,142123,31340,3.833238957915455,3.13.15,2.5.1,test,small,optimum
scp42,BPWO,PWO,V3-ELIT,7,10,6000,6000,877,524.0,2.34375,True,0.0016666666666666668,142464,31502,3.8053254997357726,3.13.15,2.5.1,test,small,optimum
scp42,BPWO,PWO,V3-ELIT,8,10,6000,6000,3893,524.0,2.34375,True,0.0016666666666666668,141815,31106,3.8593702078796923,3.13.15,2.5.1,test,small,optimum
scp42,BPWO,PWO,V3-ELIT,9,10,6000,6000,3364,522.0,1.953125,True,0.0016666666666666668,142087,31819,3.884184124879539,3.13.15,2.5.1,test,small,optimum
scp42,GREEDY,N/A,N/A,N/A,N/A,1,1,1,529.0,3.3203125,True,N/A,81,15,0.0038496660999953747,3.13.15,2.5.1,test,small,optimum
scp52,ABLATION_IID,IID,V3-ELIT,0,10,6000,6000,253,318.0,5.298013245033113,True,0.0016666666666666668,275010,48075,11.556659082882106,3.13.15,2.5.1,test,small,optimum
scp52,ABLATION_IID,IID,V3-ELIT,1,10,6000,6000,910,318.0,5.298013245033113,True,0.0016666666666666668,274227,47894,11.281943667214364,3.13.15,2.5.1,test,small,optimum
scp52,ABLATION_IID,IID,V3-ELIT,10,10,6000,6000,87,315.0,4.304635761589404,True,0.0016666666666666668,280578,53600,10.820386791601777,3.13.15,2.5.1,test,small,optimum
scp52,ABLATION_IID,IID,V3-ELIT,11,10,6000,6000,88,312.0,3.3112582781456954,True,0.0016666666666666668,281940,54829,11.306402790825814,3.13.15,2.5.1,test,small,optimum
scp52,ABLATION_IID,IID,V3-ELIT,12,10,6000,6000,430,318.0,5.298013245033113,True,0.0016666666666666668,273847,47529,11.306386500131339,3.13.15,2.5.1,test,small,optimum
scp52,ABLATION_IID,IID,V3-ELIT,13,10,6000,6000,71,315.0,4.304635761589404,True,0.0016666666666666668,280251,53447,12.273640166968107,3.13.15,2.5.1,test,small,optimum
scp52,ABLATION_IID,IID,V3-ELIT,14,10,6000,6000,851,318.0,5.298013245033113,True,0.0016666666666666668,274397,47580,12.222854665946215,3.13.15,2.5.1,test,small,optimum
scp52,ABLATION_IID,IID,V3-ELIT,15,10,6000,6000,119,315.0,4.304635761589404,True,0.0016666666666666668,280314,53795,12.291635707952082,3.13.15,2.5.1,test,small,optimum
scp52,ABLATION_IID,IID,V3-ELIT,16,10,6000,6000,50,315.0,4.304635761589404,True,0.0016666666666666668,280664,53414,11.296503125224262,3.13.15,2.5.1,test,small,optimum
scp52,ABLATION_IID,IID,V3-ELIT,17,10,6000,6000,86,318.0,5.298013245033113,True,0.0016666666666666668,273904,47911,11.572382000274956,3.13.15,2.5.1,test,small,optimum
scp52,ABLATION_IID,IID,V3-ELIT,18,10,6000,6000,89,315.0,4.304635761589404,True,0.0016666666666666668,280459,53734,11.616959000006318,3.13.15,2.5.1,test,small,optimum
scp52,ABLATION_IID,IID,V3-ELIT,19,10,6000,6000,320,318.0,5.298013245033113,True,0.0016666666666666668,274214,47795,11.195044083055109,3.13.15,2.5.1,test,small,optimum
scp52,ABLATION_IID,IID,V3-ELIT,2,10,6000,6000,115,315.0,4.304635761589404,True,0.0016666666666666668,280145,53484,11.516199875157326,3.13.15,2.5.1,test,small,optimum
scp52,ABLATION_IID,IID,V3-ELIT,20,10,6000,6000,196,313.0,3.642384105960265,True,0.0016666666666666668,281638,52321,11.056008249986917,3.13.15,2.5.1,test,small,optimum
scp52,ABLATION_IID,IID,V3-ELIT,21,10,6000,6000,165,318.0,5.298013245033113,True,0.0016666666666666668,274166,47665,11.38645049976185,3.13.15,2.5.1,test,small,optimum
scp52,ABLATION_IID,IID,V3-ELIT,22,10,6000,6000,73,315.0,4.304635761589404,True,0.0016666666666666668,280268,53490,11.453544415999204,3.13.15,2.5.1,test,small,optimum
scp52,ABLATION_IID,IID,V3-ELIT,23,10,6000,6000,123,314.0,3.9735099337748343,True,0.0016666666666666668,273416,46725,11.605411083903164,3.13.15,2.5.1,test,small,optimum
scp52,ABLATION_IID,IID,V3-ELIT,24,10,6000,6000,155,315.0,4.304635761589404,True,0.0016666666666666668,279969,53343,12.087894250173122,3.13.15,2.5.1,test,small,optimum
scp52,ABLATION_IID,IID,V3-ELIT,25,10,6000,6000,5943,318.0,5.298013245033113,True,0.0016666666666666668,285783,57808,11.788235708139837,3.13.15,2.5.1,test,small,optimum
scp52,ABLATION_IID,IID,V3-ELIT,26,10,6000,6000,93,315.0,4.304635761589404,True,0.0016666666666666668,280582,53479,11.431002540979534,3.13.15,2.5.1,test,small,optimum
scp52,ABLATION_IID,IID,V3-ELIT,27,10,6000,6000,55,314.0,3.9735099337748343,True,0.0016666666666666668,274270,46812,11.493255875073373,3.13.15,2.5.1,test,small,optimum
scp52,ABLATION_IID,IID,V3-ELIT,28,10,6000,6000,102,318.0,5.298013245033113,True,0.0016666666666666668,275643,48106,10.7679697079584,3.13.15,2.5.1,test,small,optimum
scp52,ABLATION_IID,IID,V3-ELIT,29,10,6000,6000,41,315.0,4.304635761589404,True,0.0016666666666666668,280165,53534,10.71522962488234,3.13.15,2.5.1,test,small,optimum
scp52,ABLATION_IID,IID,V3-ELIT,3,10,6000,6000,245,314.0,3.9735099337748343,True,0.0016666666666666668,273566,46705,11.409120792057365,3.13.15,2.5.1,test,small,optimum
scp52,ABLATION_IID,IID,V3-ELIT,30,10,6000,6000,218,318.0,5.298013245033113,True,0.0016666666666666668,274781,47613,11.045311749912798,3.13.15,2.5.1,test,small,optimum
scp52,ABLATION_IID,IID,V3-ELIT,4,10,6000,6000,352,314.0,3.9735099337748343,True,0.0016666666666666668,273461,46848,11.352308667264879,3.13.15,2.5.1,test,small,optimum
scp52,ABLATION_IID,IID,V3-ELIT,5,10,6000,6000,69,315.0,4.304635761589404,True,0.0016666666666666668,280424,53427,11.59297175006941,3.13.15,2.5.1,test,small,optimum
scp52,ABLATION_IID,IID,V3-ELIT,6,10,6000,6000,178,315.0,4.304635761589404,True,0.0016666666666666668,279800,53637,11.554576041176915,3.13.15,2.5.1,test,small,optimum
scp52,ABLATION_IID,IID,V3-ELIT,7,10,6000,6000,308,314.0,3.9735099337748343,True,0.0016666666666666668,274063,46986,11.588811291847378,3.13.15,2.5.1,test,small,optimum
scp52,ABLATION_IID,IID,V3-ELIT,8,10,6000,6000,352,318.0,5.298013245033113,True,0.0016666666666666668,274727,47927,11.647878750227392,3.13.15,2.5.1,test,small,optimum
scp52,ABLATION_IID,IID,V3-ELIT,9,10,6000,6000,121,315.0,4.304635761589404,True,0.0016666666666666668,280185,53574,10.728016499895602,3.13.15,2.5.1,test,small,optimum
scp52,BGWO,REFERENCE,V3-ELIT,0,10,6000,6000,67,315.0,4.304635761589404,True,0.0016666666666666668,147706,34196,6.404116834048182,3.13.15,2.5.1,test,small,optimum
scp52,BGWO,REFERENCE,V3-ELIT,1,10,6000,6000,201,315.0,4.304635761589404,True,0.0016666666666666668,148146,34391,6.485336875077337,3.13.15,2.5.1,test,small,optimum
scp52,BGWO,REFERENCE,V3-ELIT,10,10,6000,6000,114,315.0,4.304635761589404,True,0.0016666666666666668,148200,34203,6.442878291942179,3.13.15,2.5.1,test,small,optimum
scp52,BGWO,REFERENCE,V3-ELIT,11,10,6000,6000,52,315.0,4.304635761589404,True,0.0016666666666666668,147995,34176,6.3947949996218085,3.13.15,2.5.1,test,small,optimum
scp52,BGWO,REFERENCE,V3-ELIT,12,10,6000,6000,84,315.0,4.304635761589404,True,0.0016666666666666668,147739,34338,6.801098708063364,3.13.15,2.5.1,test,small,optimum
scp52,BGWO,REFERENCE,V3-ELIT,13,10,6000,6000,411,312.0,3.3112582781456954,True,0.0016666666666666668,149284,34494,7.130310624837875,3.13.15,2.5.1,test,small,optimum
scp52,BGWO,REFERENCE,V3-ELIT,14,10,6000,6000,162,315.0,4.304635761589404,True,0.0016666666666666668,147829,34121,7.0599435409531,3.13.15,2.5.1,test,small,optimum
scp52,BGWO,REFERENCE,V3-ELIT,15,10,6000,6000,146,315.0,4.304635761589404,True,0.0016666666666666668,148306,34393,7.324330291710794,3.13.15,2.5.1,test,small,optimum
scp52,BGWO,REFERENCE,V3-ELIT,16,10,6000,6000,2508,316.0,4.635761589403973,True,0.0016666666666666668,147507,32392,7.246810249984264,3.13.15,2.5.1,test,small,optimum
scp52,BGWO,REFERENCE,V3-ELIT,17,10,6000,6000,85,315.0,4.304635761589404,True,0.0016666666666666668,147330,34170,6.691679458133876,3.13.15,2.5.1,test,small,optimum
scp52,BGWO,REFERENCE,V3-ELIT,18,10,6000,6000,98,315.0,4.304635761589404,True,0.0016666666666666668,147690,34094,6.733685209415853,3.13.15,2.5.1,test,small,optimum
scp52,BGWO,REFERENCE,V3-ELIT,19,10,6000,6000,55,312.0,3.3112582781456954,True,0.0016666666666666668,148250,34312,6.679442584048957,3.13.15,2.5.1,test,small,optimum
scp52,BGWO,REFERENCE,V3-ELIT,2,10,6000,6000,258,313.0,3.642384105960265,True,0.0016666666666666668,147299,33666,6.462154417298734,3.13.15,2.5.1,test,small,optimum
scp52,BGWO,REFERENCE,V3-ELIT,20,10,6000,6000,229,318.0,5.298013245033113,True,0.0016666666666666668,144352,29090,6.346763500012457,3.13.15,2.5.1,test,small,optimum
scp52,BGWO,REFERENCE,V3-ELIT,21,10,6000,6000,616,312.0,3.3112582781456954,True,0.0016666666666666668,148200,33376,6.347252666018903,3.13.15,2.5.1,test,small,optimum
scp52,BGWO,REFERENCE,V3-ELIT,22,10,6000,6000,92,314.0,3.9735099337748343,True,0.0016666666666666668,146920,28997,6.441127458121628,3.13.15,2.5.1,test,small,optimum
scp52,BGWO,REFERENCE,V3-ELIT,23,10,6000,6000,179,315.0,4.304635761589404,True,0.0016666666666666668,147812,34378,6.3945700828917325,3.13.15,2.5.1,test,small,optimum
scp52,BGWO,REFERENCE,V3-ELIT,24,10,6000,6000,80,315.0,4.304635761589404,True,0.0016666666666666668,147959,34223,7.091541209258139,3.13.15,2.5.1,test,small,optimum
scp52,BGWO,REFERENCE,V3-ELIT,25,10,6000,6000,90,315.0,4.304635761589404,True,0.0016666666666666668,147967,34579,7.683494166936725,3.13.15,2.5.1,test,small,optimum
scp52,BGWO,REFERENCE,V3-ELIT,26,10,6000,6000,92,318.0,5.298013245033113,True,0.0016666666666666668,145040,29963,7.6076984172686934,3.13.15,2.5.1,test,small,optimum
scp52,BGWO,REFERENCE,V3-ELIT,27,10,6000,6000,70,315.0,4.304635761589404,True,0.0016666666666666668,147590,34111,7.560190540738404,3.13.15,2.5.1,test,small,optimum
scp52,BGWO,REFERENCE,V3-ELIT,28,10,6000,6000,99,315.0,4.304635761589404,True,0.0016666666666666668,147546,34031,6.2844747910276055,3.13.15,2.5.1,test,small,optimum
scp52,BGWO,REFERENCE,V3-ELIT,29,10,6000,6000,1315,310.0,2.6490066225165565,True,0.0016666666666666668,149640,33998,6.657965166959912,3.13.15,2.5.1,test,small,optimum
scp52,BGWO,REFERENCE,V3-ELIT,3,10,6000,6000,99,315.0,4.304635761589404,True,0.0016666666666666668,148113,34227,6.500888125039637,3.13.15,2.5.1,test,small,optimum
scp52,BGWO,REFERENCE,V3-ELIT,30,10,6000,6000,82,315.0,4.304635761589404,True,0.0016666666666666668,148431,34542,6.580686000175774,3.13.15,2.5.1,test,small,optimum
scp52,BGWO,REFERENCE,V3-ELIT,4,10,6000,6000,82,315.0,4.304635761589404,True,0.0016666666666666668,148601,34478,7.093092374969274,3.13.15,2.5.1,test,small,optimum
scp52,BGWO,REFERENCE,V3-ELIT,5,10,6000,6000,521,312.0,3.3112582781456954,True,0.0016666666666666668,148380,33706,7.475052707828581,3.13.15,2.5.1,test,small,optimum
scp52,BGWO,REFERENCE,V3-ELIT,6,10,6000,6000,33,315.0,4.304635761589404,True,0.0016666666666666668,147812,34179,7.547306375112385,3.13.15,2.5.1,test,small,optimum
scp52,BGWO,REFERENCE,V3-ELIT,7,10,6000,6000,51,315.0,4.304635761589404,True,0.0016666666666666668,147762,34335,7.584129374939948,3.13.15,2.5.1,test,small,optimum
scp52,BGWO,REFERENCE,V3-ELIT,8,10,6000,6000,604,313.0,3.642384105960265,True,0.0016666666666666668,148379,33653,6.375681707635522,3.13.15,2.5.1,test,small,optimum
scp52,BGWO,REFERENCE,V3-ELIT,9,10,6000,6000,42,315.0,4.304635761589404,True,0.0016666666666666668,147842,34548,6.454906166996807,3.13.15,2.5.1,test,small,optimum
scp52,BPSO,REFERENCE,V3-ELIT,0,10,6000,6000,71,315.0,4.304635761589404,True,0.0016666666666666668,418317,74676,18.903572916053236,3.13.15,2.5.1,test,small,optimum
scp52,BPSO,REFERENCE,V3-ELIT,1,10,6000,6000,82,318.0,5.298013245033113,True,0.0016666666666666668,419102,73400,18.567162333987653,3.13.15,2.5.1,test,small,optimum
scp52,BPSO,REFERENCE,V3-ELIT,10,10,6000,6000,175,315.0,4.304635761589404,True,0.0016666666666666668,417557,74411,18.580229667015374,3.13.15,2.5.1,test,small,optimum
scp52,BPSO,REFERENCE,V3-ELIT,11,10,6000,6000,100,321.0,6.291390728476821,True,0.0016666666666666668,411117,67312,18.20785133400932,3.13.15,2.5.1,test,small,optimum
scp52,BPSO,REFERENCE,V3-ELIT,12,10,6000,6000,77,317.0,4.966887417218543,True,0.0016666666666666668,418482,70803,18.78197145787999,3.13.15,2.5.1,test,small,optimum
scp52,BPSO,REFERENCE,V3-ELIT,13,10,6000,6000,169,315.0,4.304635761589404,True,0.0016666666666666668,418121,74670,17.838381292298436,3.13.15,2.5.1,test,small,optimum
scp52,BPSO,REFERENCE,V3-ELIT,14,10,6000,6000,63,315.0,4.304635761589404,True,0.0016666666666666668,417863,74752,17.80824587494135,3.13.15,2.5.1,test,small,optimum
scp52,BPSO,REFERENCE,V3-ELIT,15,10,6000,6000,105,320.0,5.960264900662252,True,0.0016666666666666668,416429,65840,18.24095220817253,3.13.15,2.5.1,test,small,optimum
scp52,BPSO,REFERENCE,V3-ELIT,16,10,6000,6000,164,318.0,5.298013245033113,True,0.0016666666666666668,413952,72702,18.65653608413413,3.13.15,2.5.1,test,small,optimum
scp52,BPSO,REFERENCE,V3-ELIT,17,10,6000,6000,61,315.0,4.304635761589404,True,0.0016666666666666668,418248,74909,18.647780416999012,3.13.15,2.5.1,test,small,optimum
scp52,BPSO,REFERENCE,V3-ELIT,18,10,6000,6000,32,321.0,6.291390728476821,True,0.0016666666666666668,417797,67596,18.80188399972394,3.13.15,2.5.1,test,small,optimum
scp52,BPSO,REFERENCE,V3-ELIT,19,10,6000,6000,180,315.0,4.304635761589404,True,0.0016666666666666668,417967,74506,18.786606417037547,3.13.15,2.5.1,test,small,optimum
scp52,BPSO,REFERENCE,V3-ELIT,2,10,6000,6000,97,315.0,4.304635761589404,True,0.0016666666666666668,417673,74561,17.955951750278473,3.13.15,2.5.1,test,small,optimum
scp52,BPSO,REFERENCE,V3-ELIT,20,10,6000,6000,60,318.0,5.298013245033113,True,0.0016666666666666668,418628,73066,19.251664500217885,3.13.15,2.5.1,test,small,optimum
scp52,BPSO,REFERENCE,V3-ELIT,21,10,6000,6000,234,318.0,5.298013245033113,True,0.0016666666666666668,419311,73275,19.23997295787558,3.13.15,2.5.1,test,small,optimum
scp52,BPSO,REFERENCE,V3-ELIT,22,10,6000,6000,247,321.0,6.291390728476821,True,0.0016666666666666668,425148,69685,19.331975291948766,3.13.15,2.5.1,test,small,optimum
scp52,BPSO,REFERENCE,V3-ELIT,23,10,6000,6000,25,323.0,6.953642384105961,True,0.0016666666666666668,413978,60621,18.573940082918853,3.13.15,2.5.1,test,small,optimum
scp52,BPSO,REFERENCE,V3-ELIT,24,10,6000,6000,127,320.0,5.960264900662252,True,0.0016666666666666668,419311,65773,18.996573791839182,3.13.15,2.5.1,test,small,optimum
scp52,BPSO,REFERENCE,V3-ELIT,25,10,6000,6000,111,315.0,4.304635761589404,True,0.0016666666666666668,417840,74775,18.55363916605711,3.13.15,2.5.1,test,small,optimum
scp52,BPSO,REFERENCE,V3-ELIT,26,10,6000,6000,59,321.0,6.291390728476821,True,0.0016666666666666668,420906,68386,19.05299933301285,3.13.15,2.5.1,test,small,optimum
scp52,BPSO,REFERENCE,V3-ELIT,27,10,6000,6000,51,315.0,4.304635761589404,True,0.0016666666666666668,417818,74674,18.60538791725412,3.13.15,2.5.1,test,small,optimum
scp52,BPSO,REFERENCE,V3-ELIT,28,10,6000,6000,415,318.0,5.298013245033113,True,0.0016666666666666668,419375,72578,20.11159983277321,3.13.15,2.5.1,test,small,optimum
scp52,BPSO,REFERENCE,V3-ELIT,29,10,6000,6000,107,315.0,4.304635761589404,True,0.0016666666666666668,418198,74663,18.615386750083417,3.13.15,2.5.1,test,small,optimum
scp52,BPSO,REFERENCE,V3-ELIT,3,10,6000,6000,94,315.0,4.304635761589404,True,0.0016666666666666668,417996,74627,17.89356912486255,3.13.15,2.5.1,test,small,optimum
scp52,BPSO,REFERENCE,V3-ELIT,30,10,6000,6000,41,315.0,4.304635761589404,True,0.0016666666666666668,417803,74709,18.282175000291318,3.13.15,2.5.1,test,small,optimum
scp52,BPSO,REFERENCE,V3-ELIT,4,10,6000,6000,74,315.0,4.304635761589404,True,0.0016666666666666668,418258,74793,18.48605466587469,3.13.15,2.5.1,test,small,optimum
scp52,BPSO,REFERENCE,V3-ELIT,5,10,6000,6000,39,320.0,5.960264900662252,True,0.0016666666666666668,418316,67268,18.718712040688843,3.13.15,2.5.1,test,small,optimum
scp52,BPSO,REFERENCE,V3-ELIT,6,10,6000,6000,81,315.0,4.304635761589404,True,0.0016666666666666668,417917,74674,18.298456666991115,3.13.15,2.5.1,test,small,optimum
scp52,BPSO,REFERENCE,V3-ELIT,7,10,6000,6000,122,318.0,5.298013245033113,True,0.0016666666666666668,418121,73508,18.760934125166386,3.13.15,2.5.1,test,small,optimum
scp52,BPSO,REFERENCE,V3-ELIT,8,10,6000,6000,182,318.0,5.298013245033113,True,0.0016666666666666668,418042,72833,20.10004233336076,3.13.15,2.5.1,test,small,optimum
scp52,BPSO,REFERENCE,V3-ELIT,9,10,6000,6000,174,315.0,4.304635761589404,True,0.0016666666666666668,418361,74724,18.544248125050217,3.13.15,2.5.1,test,small,optimum
scp52,BPWO,PWO,S2-ELIT,0,10,6000,6000,958,315.0,4.304635761589404,True,0.0016666666666666668,129755,30315,5.7429073341190815,3.13.15,2.5.1,test,small,optimum
scp52,BPWO,PWO,S2-ELIT,1,10,6000,6000,162,315.0,4.304635761589404,True,0.0016666666666666668,129476,31199,5.63367020804435,3.13.15,2.5.1,test,small,optimum
scp52,BPWO,PWO,S2-ELIT,10,10,6000,6000,143,308.0,1.9867549668874172,True,0.0016666666666666668,127187,24204,5.842117208056152,3.13.15,2.5.1,test,small,optimum
scp52,BPWO,PWO,S2-ELIT,11,10,6000,6000,139,312.0,3.3112582781456954,True,0.0016666666666666668,130043,31289,5.9140357919968665,3.13.15,2.5.1,test,small,optimum
scp52,BPWO,PWO,S2-ELIT,12,10,6000,6000,101,318.0,5.298013245033113,True,0.0016666666666666668,125378,26646,6.041891292203218,3.13.15,2.5.1,test,small,optimum
scp52,BPWO,PWO,S2-ELIT,13,10,6000,6000,68,315.0,4.304635761589404,True,0.0016666666666666668,130590,31439,6.4145698747597635,3.13.15,2.5.1,test,small,optimum
scp52,BPWO,PWO,S2-ELIT,14,10,6000,6000,162,315.0,4.304635761589404,True,0.0016666666666666668,130070,31378,6.414252541959286,3.13.15,2.5.1,test,small,optimum
scp52,BPWO,PWO,S2-ELIT,15,10,6000,6000,43,315.0,4.304635761589404,True,0.0016666666666666668,130119,31426,6.625461500138044,3.13.15,2.5.1,test,small,optimum
scp52,BPWO,PWO,S2-ELIT,16,10,6000,6000,83,315.0,4.304635761589404,True,0.0016666666666666668,129385,30896,6.721691332757473,3.13.15,2.5.1,test,small,optimum
scp52,BPWO,PWO,S2-ELIT,17,10,6000,6000,519,315.0,4.304635761589404,True,0.0016666666666666668,130109,31101,5.965689666103572,3.13.15,2.5.1,test,small,optimum
scp52,BPWO,PWO,S2-ELIT,18,10,6000,6000,80,315.0,4.304635761589404,True,0.0016666666666666668,129390,31161,5.924721332732588,3.13.15,2.5.1,test,small,optimum
scp52,BPWO,PWO,S2-ELIT,19,10,6000,6000,62,315.0,4.304635761589404,True,0.0016666666666666668,129588,31268,5.676558000035584,3.13.15,2.5.1,test,small,optimum
scp52,BPWO,PWO,S2-ELIT,2,10,6000,6000,172,315.0,4.304635761589404,True,0.0016666666666666668,130128,31307,5.678853708319366,3.13.15,2.5.1,test,small,optimum
scp52,BPWO,PWO,S2-ELIT,20,10,6000,6000,99,312.0,3.3112582781456954,True,0.0016666666666666668,130125,31666,5.748684083111584,3.13.15,2.5.1,test,small,optimum
scp52,BPWO,PWO,S2-ELIT,21,10,6000,6000,253,315.0,4.304635761589404,True,0.0016666666666666668,130233,31068,5.733647166751325,3.13.15,2.5.1,test,small,optimum
scp52,BPWO,PWO,S2-ELIT,22,10,6000,6000,298,318.0,5.298013245033113,True,0.0016666666666666668,124619,26478,5.671431083232164,3.13.15,2.5.1,test,small,optimum
scp52,BPWO,PWO,S2-ELIT,23,10,6000,6000,302,315.0,4.304635761589404,True,0.0016666666666666668,130148,31334,5.728320416994393,3.13.15,2.5.1,test,small,optimum
scp52,BPWO,PWO,S2-ELIT,24,10,6000,6000,68,315.0,4.304635761589404,True,0.0016666666666666668,129421,31183,6.595792040694505,3.13.15,2.5.1,test,small,optimum
scp52,BPWO,PWO,S2-ELIT,25,10,6000,6000,116,312.0,3.3112582781456954,True,0.0016666666666666668,129964,31355,6.634171333163977,3.13.15,2.5.1,test,small,optimum
scp52,BPWO,PWO,S2-ELIT,26,10,6000,6000,96,315.0,4.304635761589404,True,0.0016666666666666668,129821,31246,6.565813624765724,3.13.15,2.5.1,test,small,optimum
scp52,BPWO,PWO,S2-ELIT,27,10,6000,6000,134,315.0,4.304635761589404,True,0.0016666666666666668,130208,31265,6.6671419171616435,3.13.15,2.5.1,test,small,optimum
scp52,BPWO,PWO,S2-ELIT,28,10,6000,6000,188,315.0,4.304635761589404,True,0.0016666666666666668,129484,31163,5.626393292099237,3.13.15,2.5.1,test,small,optimum
scp52,BPWO,PWO,S2-ELIT,29,10,6000,6000,256,314.0,3.9735099337748343,True,0.0016666666666666668,125972,26669,5.691487917210907,3.13.15,2.5.1,test,small,optimum
scp52,BPWO,PWO,S2-ELIT,3,10,6000,6000,218,312.0,3.3112582781456954,True,0.0016666666666666668,130224,31795,5.660206000320613,3.13.15,2.5.1,test,small,optimum
scp52,BPWO,PWO,S2-ELIT,30,10,6000,6000,231,318.0,5.298013245033113,True,0.0016666666666666668,125060,26722,5.620113207958639,3.13.15,2.5.1,test,small,optimum
scp52,BPWO,PWO,S2-ELIT,4,10,6000,6000,632,318.0,5.298013245033113,True,0.0016666666666666668,130051,30109,6.410617750138044,3.13.15,2.5.1,test,small,optimum
scp52,BPWO,PWO,S2-ELIT,5,10,6000,6000,73,315.0,4.304635761589404,True,0.0016666666666666668,129861,31194,6.505367166828364,3.13.15,2.5.1,test,small,optimum
scp52,BPWO,PWO,S2-ELIT,6,10,6000,6000,139,318.0,5.298013245033113,True,0.0016666666666666668,124295,26847,6.616392500232905,3.13.15,2.5.1,test,small,optimum
scp52,BPWO,PWO,S2-ELIT,7,10,6000,6000,92,319.0,5.629139072847682,True,0.0016666666666666668,132110,33768,6.633494791109115,3.13.15,2.5.1,test,small,optimum
scp52,BPWO,PWO,S2-ELIT,8,10,6000,6000,131,315.0,4.304635761589404,True,0.0016666666666666668,130190,31230,5.753780959174037,3.13.15,2.5.1,test,small,optimum
scp52,BPWO,PWO,S2-ELIT,9,10,6000,6000,58,315.0,4.304635761589404,True,0.0016666666666666668,129648,31120,5.95287433359772,3.13.15,2.5.1,test,small,optimum
scp52,BPWO,PWO,V3-ELIT,0,10,6000,6000,102,314.0,3.9735099337748343,True,0.0016666666666666668,136367,27854,6.930536959320307,3.13.15,2.5.1,test,small,optimum
scp52,BPWO,PWO,V3-ELIT,1,10,6000,6000,315,318.0,5.298013245033113,True,0.0016666666666666668,135123,28527,6.843699875287712,3.13.15,2.5.1,test,small,optimum
scp52,BPWO,PWO,V3-ELIT,10,10,6000,6000,174,308.0,1.9867549668874172,True,0.0016666666666666668,138942,25481,6.81061083311215,3.13.15,2.5.1,test,small,optimum
scp52,BPWO,PWO,V3-ELIT,11,10,6000,6000,305,312.0,3.3112582781456954,True,0.0016666666666666668,141959,33451,6.8323846673592925,3.13.15,2.5.1,test,small,optimum
scp52,BPWO,PWO,V3-ELIT,12,10,6000,6000,231,315.0,4.304635761589404,True,0.0016666666666666668,141451,33073,6.124418999999762,3.13.15,2.5.1,test,small,optimum
scp52,BPWO,PWO,V3-ELIT,13,10,6000,6000,165,315.0,4.304635761589404,True,0.0016666666666666668,142038,33305,6.186991834081709,3.13.15,2.5.1,test,small,optimum
scp52,BPWO,PWO,V3-ELIT,14,10,6000,6000,91,315.0,4.304635761589404,True,0.0016666666666666668,141896,33195,6.249125082977116,3.13.15,2.5.1,test,small,optimum
scp52,BPWO,PWO,V3-ELIT,15,10,6000,6000,153,315.0,4.304635761589404,True,0.0016666666666666668,141497,33333,5.974895499646664,3.13.15,2.5.1,test,small,optimum
scp52,BPWO,PWO,V3-ELIT,16,10,6000,6000,200,315.0,4.304635761589404,True,0.0016666666666666668,141839,32986,5.8043349157087505,3.13.15,2.5.1,test,small,optimum
scp52,BPWO,PWO,V3-ELIT,17,10,6000,6000,84,315.0,4.304635761589404,True,0.0016666666666666668,141364,33239,5.911697375122458,3.13.15,2.5.1,test,small,optimum
scp52,BPWO,PWO,V3-ELIT,18,10,6000,6000,92,315.0,4.304635761589404,True,0.0016666666666666668,140940,33048,5.902492000255734,3.13.15,2.5.1,test,small,optimum
scp52,BPWO,PWO,V3-ELIT,19,10,6000,6000,260,315.0,4.304635761589404,True,0.0016666666666666668,141357,33144,6.294837666675448,3.13.15,2.5.1,test,small,optimum
scp52,BPWO,PWO,V3-ELIT,2,10,6000,6000,102,315.0,4.304635761589404,True,0.0016666666666666668,140944,33187,6.893647916615009,3.13.15,2.5.1,test,small,optimum
scp52,BPWO,PWO,V3-ELIT,20,10,6000,6000,99,311.0,2.980132450331126,True,0.0016666666666666668,141915,31526,7.139995874837041,3.13.15,2.5.1,test,small,optimum
scp52,BPWO,PWO,V3-ELIT,21,10,6000,6000,137,315.0,4.304635761589404,True,0.0016666666666666668,142200,33647,6.888626999687403,3.13.15,2.5.1,test,small,optimum
scp52,BPWO,PWO,V3-ELIT,22,10,6000,6000,122,315.0,4.304635761589404,True,0.0016666666666666668,140993,33171,6.767491415608674,3.13.15,2.5.1,test,small,optimum
scp52,BPWO,PWO,V3-ELIT,23,10,6000,6000,183,312.0,3.3112582781456954,True,0.0016666666666666668,141940,33626,6.78324224986136,3.13.15,2.5.1,test,small,optimum
scp52,BPWO,PWO,V3-ELIT,24,10,6000,6000,68,315.0,4.304635761589404,True,0.0016666666666666668,140957,33171,5.819845083169639,3.13.15,2.5.1,test,small,optimum
scp52,BPWO,PWO,V3-ELIT,25,10,6000,6000,116,312.0,3.3112582781456954,True,0.0016666666666666668,142004,33912,5.905307457782328,3.13.15,2.5.1,test,small,optimum
scp52,BPWO,PWO,V3-ELIT,26,10,6000,6000,65,315.0,4.304635761589404,True,0.0016666666666666668,141817,33099,5.894550291355699,3.13.15,2.5.1,test,small,optimum
scp52,BPWO,PWO,V3-ELIT,27,10,6000,6000,125,312.0,3.3112582781456954,True,0.0016666666666666668,141799,33607,5.8676322917453945,3.13.15,2.5.1,test,small,optimum
scp52,BPWO,PWO,V3-ELIT,28,10,6000,6000,451,316.0,4.635761589403973,True,0.0016666666666666668,137008,32321,7.109349166043103,3.13.15,2.5.1,test,small,optimum
scp52,BPWO,PWO,V3-ELIT,29,10,6000,6000,87,315.0,4.304635761589404,True,0.0016666666666666668,141283,33354,6.862003749702126,3.13.15,2.5.1,test,small,optimum
scp52,BPWO,PWO,V3-ELIT,3,10,6000,6000,229,312.0,3.3112582781456954,True,0.0016666666666666668,142301,33870,6.907454791013151,3.13.15,2.5.1,test,small,optimum
scp52,BPWO,PWO,V3-ELIT,30,10,6000,6000,263,318.0,5.298013245033113,True,0.0016666666666666668,136338,28419,6.797137709334493,3.13.15,2.5.1,test,small,optimum
scp52,BPWO,PWO,V3-ELIT,4,10,6000,6000,429,318.0,5.298013245033113,True,0.0016666666666666668,136560,28156,5.778222667053342,3.13.15,2.5.1,test,small,optimum
scp52,BPWO,PWO,V3-ELIT,5,10,6000,6000,173,315.0,4.304635761589404,True,0.0016666666666666668,141398,33111,5.880736166611314,3.13.15,2.5.1,test,small,optimum
scp52,BPWO,PWO,V3-ELIT,6,10,6000,6000,193,315.0,4.304635761589404,True,0.0016666666666666668,141596,33285,5.9122654581442475,3.13.15,2.5.1,test,small,optimum
scp52,BPWO,PWO,V3-ELIT,7,10,6000,6000,1419,313.0,3.642384105960265,True,0.0016666666666666668,144843,35125,6.004862084053457,3.13.15,2.5.1,test,small,optimum
scp52,BPWO,PWO,V3-ELIT,8,10,6000,6000,84,315.0,4.304635761589404,True,0.0016666666666666668,141167,33113,5.818771374877542,3.13.15,2.5.1,test,small,optimum
scp52,BPWO,PWO,V3-ELIT,9,10,6000,6000,82,315.0,4.304635761589404,True,0.0016666666666666668,140804,32823,6.9501266670413315,3.13.15,2.5.1,test,small,optimum
scp52,GREEDY,N/A,N/A,N/A,N/A,1,1,1,330.0,9.271523178807946,True,N/A,76,8,0.004537417087703943,3.13.15,2.5.1,test,small,optimum
scp62,ABLATION_IID,IID,V3-ELIT,0,10,6000,6000,494,148.0,1.36986301369863,True,0.0016666666666666668,163405,29868,6.614686666987836,3.13.15,2.5.1,test,small,optimum
scp62,ABLATION_IID,IID,V3-ELIT,1,10,6000,6000,143,148.0,1.36986301369863,True,0.0016666666666666668,162912,29656,5.59054454183206,3.13.15,2.5.1,test,small,optimum
scp62,ABLATION_IID,IID,V3-ELIT,10,10,6000,6000,283,148.0,1.36986301369863,True,0.0016666666666666668,163359,29850,6.043609625194222,3.13.15,2.5.1,test,small,optimum
scp62,ABLATION_IID,IID,V3-ELIT,11,10,6000,6000,2499,146.0,0.0,True,0.0016666666666666668,163574,30136,5.717992417048663,3.13.15,2.5.1,test,small,optimum
scp62,ABLATION_IID,IID,V3-ELIT,12,10,6000,6000,172,148.0,1.36986301369863,True,0.0016666666666666668,163291,29625,5.928964333143085,3.13.15,2.5.1,test,small,optimum
scp62,ABLATION_IID,IID,V3-ELIT,13,10,6000,6000,727,148.0,1.36986301369863,True,0.0016666666666666668,163084,29449,5.916233624797314,3.13.15,2.5.1,test,small,optimum
scp62,ABLATION_IID,IID,V3-ELIT,14,10,6000,6000,111,148.0,1.36986301369863,True,0.0016666666666666668,164014,29832,6.510240292176604,3.13.15,2.5.1,test,small,optimum
scp62,ABLATION_IID,IID,V3-ELIT,15,10,6000,6000,331,148.0,1.36986301369863,True,0.0016666666666666668,163833,29834,5.724677958060056,3.13.15,2.5.1,test,small,optimum
scp62,ABLATION_IID,IID,V3-ELIT,16,10,6000,6000,227,148.0,1.36986301369863,True,0.0016666666666666668,163200,29755,5.6579102501273155,3.13.15,2.5.1,test,small,optimum
scp62,ABLATION_IID,IID,V3-ELIT,17,10,6000,6000,54,148.0,1.36986301369863,True,0.0016666666666666668,163271,29751,5.651252540759742,3.13.15,2.5.1,test,small,optimum
scp62,ABLATION_IID,IID,V3-ELIT,18,10,6000,6000,441,148.0,1.36986301369863,True,0.0016666666666666668,163271,29662,5.6066466248594224,3.13.15,2.5.1,test,small,optimum
scp62,ABLATION_IID,IID,V3-ELIT,19,10,6000,6000,143,148.0,1.36986301369863,True,0.0016666666666666668,163824,29734,6.372302958276123,3.13.15,2.5.1,test,small,optimum
scp62,ABLATION_IID,IID,V3-ELIT,2,10,6000,6000,1084,148.0,1.36986301369863,True,0.0016666666666666668,163381,29388,5.582881125155836,3.13.15,2.5.1,test,small,optimum
scp62,ABLATION_IID,IID,V3-ELIT,20,10,6000,6000,586,148.0,1.36986301369863,True,0.0016666666666666668,163399,29639,5.789229291956872,3.13.15,2.5.1,test,small,optimum
scp62,ABLATION_IID,IID,V3-ELIT,21,10,6000,6000,986,148.0,1.36986301369863,True,0.0016666666666666668,164387,30263,5.806868416722864,3.13.15,2.5.1,test,small,optimum
scp62,ABLATION_IID,IID,V3-ELIT,22,10,6000,6000,106,146.0,0.0,True,0.0016666666666666668,162054,28985,5.568168499972671,3.13.15,2.5.1,test,small,optimum
scp62,ABLATION_IID,IID,V3-ELIT,23,10,6000,6000,339,148.0,1.36986301369863,True,0.0016666666666666668,162983,29300,5.862937957979739,3.13.15,2.5.1,test,small,optimum
scp62,ABLATION_IID,IID,V3-ELIT,24,10,6000,6000,94,148.0,1.36986301369863,True,0.0016666666666666668,163111,29737,6.533869292121381,3.13.15,2.5.1,test,small,optimum
scp62,ABLATION_IID,IID,V3-ELIT,25,10,6000,6000,2698,146.0,0.0,True,0.0016666666666666668,161506,28865,6.482002917211503,3.13.15,2.5.1,test,small,optimum
scp62,ABLATION_IID,IID,V3-ELIT,26,10,6000,6000,32,148.0,1.36986301369863,True,0.0016666666666666668,163542,29903,6.539382500108331,3.13.15,2.5.1,test,small,optimum
scp62,ABLATION_IID,IID,V3-ELIT,27,10,6000,6000,82,148.0,1.36986301369863,True,0.0016666666666666668,163463,29508,5.7475052499212325,3.13.15,2.5.1,test,small,optimum
scp62,ABLATION_IID,IID,V3-ELIT,28,10,6000,6000,297,148.0,1.36986301369863,True,0.0016666666666666668,163634,29752,5.68320329207927,3.13.15,2.5.1,test,small,optimum
scp62,ABLATION_IID,IID,V3-ELIT,29,10,6000,6000,148,148.0,1.36986301369863,True,0.0016666666666666668,163615,29703,5.644396749790758,3.13.15,2.5.1,test,small,optimum
scp62,ABLATION_IID,IID,V3-ELIT,3,10,6000,6000,3041,146.0,0.0,True,0.0016666666666666668,165272,30857,6.590462666936219,3.13.15,2.5.1,test,small,optimum
scp62,ABLATION_IID,IID,V3-ELIT,30,10,6000,6000,62,148.0,1.36986301369863,True,0.0016666666666666668,163147,29476,6.050607583019882,3.13.15,2.5.1,test,small,optimum
scp62,ABLATION_IID,IID,V3-ELIT,4,10,6000,6000,227,148.0,1.36986301369863,True,0.0016666666666666668,163575,29679,5.774286708794534,3.13.15,2.5.1,test,small,optimum
scp62,ABLATION_IID,IID,V3-ELIT,5,10,6000,6000,35,146.0,0.0,True,0.0016666666666666668,162214,29374,5.748087584041059,3.13.15,2.5.1,test,small,optimum
scp62,ABLATION_IID,IID,V3-ELIT,6,10,6000,6000,166,148.0,1.36986301369863,True,0.0016666666666666668,163712,29700,5.644313500262797,3.13.15,2.5.1,test,small,optimum
scp62,ABLATION_IID,IID,V3-ELIT,7,10,6000,6000,456,148.0,1.36986301369863,True,0.0016666666666666668,163444,29467,6.308735624887049,3.13.15,2.5.1,test,small,optimum
scp62,ABLATION_IID,IID,V3-ELIT,8,10,6000,6000,66,148.0,1.36986301369863,True,0.0016666666666666668,163108,29450,6.415622167289257,3.13.15,2.5.1,test,small,optimum
scp62,ABLATION_IID,IID,V3-ELIT,9,10,6000,6000,64,148.0,1.36986301369863,True,0.0016666666666666668,163237,29648,6.417619375046343,3.13.15,2.5.1,test,small,optimum
scp62,BGWO,REFERENCE,V3-ELIT,0,10,6000,6000,152,148.0,1.36986301369863,True,0.0016666666666666668,83706,18149,4.103948125150055,3.13.15,2.5.1,test,small,optimum
scp62,BGWO,REFERENCE,V3-ELIT,1,10,6000,6000,1163,148.0,1.36986301369863,True,0.0016666666666666668,85601,19392,3.718574957922101,3.13.15,2.5.1,test,small,optimum
scp62,BGWO,REFERENCE,V3-ELIT,10,10,6000,6000,122,148.0,1.36986301369863,True,0.0016666666666666668,84469,18215,4.46400629170239,3.13.15,2.5.1,test,small,optimum
scp62,BGWO,REFERENCE,V3-ELIT,11,10,6000,6000,463,148.0,1.36986301369863,True,0.0016666666666666668,84474,18675,3.6454736669547856,3.13.15,2.5.1,test,small,optimum
scp62,BGWO,REFERENCE,V3-ELIT,12,10,6000,6000,113,151.0,3.4246575342465753,True,0.0016666666666666668,90766,23191,3.690832834225148,3.13.15,2.5.1,test,small,optimum
scp62,BGWO,REFERENCE,V3-ELIT,13,10,6000,6000,131,151.0,3.4246575342465753,True,0.0016666666666666668,90651,23151,3.6980571248568594,3.13.15,2.5.1,test,small,optimum
scp62,BGWO,REFERENCE,V3-ELIT,14,10,6000,6000,5867,147.0,0.684931506849315,True,0.0016666666666666668,92439,21313,3.8083312497474253,3.13.15,2.5.1,test,small,optimum
scp62,BGWO,REFERENCE,V3-ELIT,15,10,6000,6000,65,147.0,0.684931506849315,True,0.0016666666666666668,84529,16785,3.6962387496605515,3.13.15,2.5.1,test,small,optimum
scp62,BGWO,REFERENCE,V3-ELIT,16,10,6000,6000,514,148.0,1.36986301369863,True,0.0016666666666666668,84633,18370,3.7585258749313653,3.13.15,2.5.1,test,small,optimum
scp62,BGWO,REFERENCE,V3-ELIT,17,10,6000,6000,1277,148.0,1.36986301369863,True,0.0016666666666666668,85951,19357,3.7720714169554412,3.13.15,2.5.1,test,small,optimum
scp62,BGWO,REFERENCE,V3-ELIT,18,10,6000,6000,1676,148.0,1.36986301369863,True,0.0016666666666666668,85991,19616,3.7344534997828305,3.13.15,2.5.1,test,small,optimum
scp62,BGWO,REFERENCE,V3-ELIT,19,10,6000,6000,122,151.0,3.4246575342465753,True,0.0016666666666666668,90737,23269,4.098503583110869,3.13.15,2.5.1,test,small,optimum
scp62,BGWO,REFERENCE,V3-ELIT,2,10,6000,6000,353,148.0,1.36986301369863,True,0.0016666666666666668,84171,18214,3.678749666083604,3.13.15,2.5.1,test,small,optimum
scp62,BGWO,REFERENCE,V3-ELIT,20,10,6000,6000,133,148.0,1.36986301369863,True,0.0016666666666666668,84565,18533,3.995626667048782,3.13.15,2.5.1,test,small,optimum
scp62,BGWO,REFERENCE,V3-ELIT,21,10,6000,6000,3541,148.0,1.36986301369863,True,0.0016666666666666668,88094,21193,3.9512542500160635,3.13.15,2.5.1,test,small,optimum
scp62,BGWO,REFERENCE,V3-ELIT,22,10,6000,6000,5853,148.0,1.36986301369863,True,0.0016666666666666668,90605,23142,3.8299544169567525,3.13.15,2.5.1,test,small,optimum
scp62,BGWO,REFERENCE,V3-ELIT,23,10,6000,6000,201,148.0,1.36986301369863,True,0.0016666666666666668,84263,18159,3.5409133746288717,3.13.15,2.5.1,test,small,optimum
scp62,BGWO,REFERENCE,V3-ELIT,24,10,6000,6000,1433,148.0,1.36986301369863,True,0.0016666666666666668,85613,19229,4.112057042308152,3.13.15,2.5.1,test,small,optimum
scp62,BGWO,REFERENCE,V3-ELIT,25,10,6000,6000,81,148.0,1.36986301369863,True,0.0016666666666666668,84426,18405,4.1747348750941455,3.13.15,2.5.1,test,small,optimum
scp62,BGWO,REFERENCE,V3-ELIT,26,10,6000,6000,155,148.0,1.36986301369863,True,0.0016666666666666668,84596,18354,4.43110837507993,3.13.15,2.5.1,test,small,optimum
scp62,BGWO,REFERENCE,V3-ELIT,27,10,6000,6000,3685,148.0,1.36986301369863,True,0.0016666666666666668,87589,20107,3.609945666976273,3.13.15,2.5.1,test,small,optimum
scp62,BGWO,REFERENCE,V3-ELIT,28,10,6000,6000,320,148.0,1.36986301369863,True,0.0016666666666666668,84382,18490,3.6033663330599666,3.13.15,2.5.1,test,small,optimum
scp62,BGWO,REFERENCE,V3-ELIT,29,10,6000,6000,898,148.0,1.36986301369863,True,0.0016666666666666668,84381,18248,3.6033489173278213,3.13.15,2.5.1,test,small,optimum
scp62,BGWO,REFERENCE,V3-ELIT,3,10,6000,6000,324,148.0,1.36986301369863,True,0.0016666666666666668,84640,18429,4.452828375156969,3.13.15,2.5.1,test,small,optimum
scp62,BGWO,REFERENCE,V3-ELIT,30,10,6000,6000,195,148.0,1.36986301369863,True,0.0016666666666666668,84579,18251,3.6725019589066505,3.13.15,2.5.1,test,small,optimum
scp62,BGWO,REFERENCE,V3-ELIT,4,10,6000,6000,101,151.0,3.4246575342465753,True,0.0016666666666666668,91198,23181,3.7595447502098978,3.13.15,2.5.1,test,small,optimum
scp62,BGWO,REFERENCE,V3-ELIT,5,10,6000,6000,195,148.0,1.36986301369863,True,0.0016666666666666668,83865,18213,3.64502887474373,3.13.15,2.5.1,test,small,optimum
scp62,BGWO,REFERENCE,V3-ELIT,6,10,6000,6000,337,148.0,1.36986301369863,True,0.0016666666666666668,85055,18470,3.6641427921131253,3.13.15,2.5.1,test,small,optimum
scp62,BGWO,REFERENCE,V3-ELIT,7,10,6000,6000,101,146.0,0.0,True,0.0016666666666666668,86710,18241,3.591470167040825,3.13.15,2.5.1,test,small,optimum
scp62,BGWO,REFERENCE,V3-ELIT,8,10,6000,6000,84,148.0,1.36986301369863,True,0.0016666666666666668,84170,18067,4.434384416323155,3.13.15,2.5.1,test,small,optimum
scp62,BGWO,REFERENCE,V3-ELIT,9,10,6000,6000,71,148.0,1.36986301369863,True,0.0016666666666666668,84652,18485,4.453830792102963,3.13.15,2.5.1,test,small,optimum
scp62,BPSO,REFERENCE,V3-ELIT,0,10,6000,6000,1037,149.0,2.0547945205479454,True,0.0016666666666666668,222953,40947,7.522486915811896,3.13.15,2.5.1,test,small,optimum
scp62,BPSO,REFERENCE,V3-ELIT,1,10,6000,6000,853,148.0,1.36986301369863,True,0.0016666666666666668,228251,41428,8.350370000116527,3.13.15,2.5.1,test,small,optimum
scp62,BPSO,REFERENCE,V3-ELIT,10,10,6000,6000,1144,149.0,2.0547945205479454,True,0.0016666666666666668,223708,40921,7.616456917021424,3.13.15,2.5.1,test,small,optimum
scp62,BPSO,REFERENCE,V3-ELIT,11,10,6000,6000,33,148.0,1.36986301369863,True,0.0016666666666666668,226779,40700,8.666793124750257,3.13.15,2.5.1,test,small,optimum
scp62,BPSO,REFERENCE,V3-ELIT,12,10,6000,6000,60,153.0,4.794520547945205,True,0.0016666666666666668,231949,34896,8.782402582932264,3.13.15,2.5.1,test,small,optimum
scp62,BPSO,REFERENCE,V3-ELIT,13,10,6000,6000,54,146.0,0.0,True,0.0016666666666666668,214273,38459,8.210476375184953,3.13.15,2.5.1,test,small,optimum
scp62,BPSO,REFERENCE,V3-ELIT,14,10,6000,6000,51,148.0,1.36986301369863,True,0.0016666666666666668,226897,40569,8.057273500133306,3.13.15,2.5.1,test,small,optimum
scp62,BPSO,REFERENCE,V3-ELIT,15,10,6000,6000,865,149.0,2.0547945205479454,True,0.0016666666666666668,222694,40780,7.960595082957298,3.13.15,2.5.1,test,small,optimum
scp62,BPSO,REFERENCE,V3-ELIT,16,10,6000,6000,121,146.0,0.0,True,0.0016666666666666668,214086,38172,8.070118042174727,3.13.15,2.5.1,test,small,optimum
scp62,BPSO,REFERENCE,V3-ELIT,17,10,6000,6000,188,149.0,2.0547945205479454,True,0.0016666666666666668,222343,40520,8.04070341726765,3.13.15,2.5.1,test,small,optimum
scp62,BPSO,REFERENCE,V3-ELIT,18,10,6000,6000,669,149.0,2.0547945205479454,True,0.0016666666666666668,222302,40576,8.118485250044614,3.13.15,2.5.1,test,small,optimum
scp62,BPSO,REFERENCE,V3-ELIT,19,10,6000,6000,2204,149.0,2.0547945205479454,True,0.0016666666666666668,221600,42492,7.4905887502245605,3.13.15,2.5.1,test,small,optimum
scp62,BPSO,REFERENCE,V3-ELIT,2,10,6000,6000,38,146.0,0.0,True,0.0016666666666666668,214393,38320,8.191801167093217,3.13.15,2.5.1,test,small,optimum
scp62,BPSO,REFERENCE,V3-ELIT,20,10,6000,6000,72,149.0,2.0547945205479454,True,0.0016666666666666668,222369,40600,7.974376291967928,3.13.15,2.5.1,test,small,optimum
scp62,BPSO,REFERENCE,V3-ELIT,21,10,6000,6000,181,148.0,1.36986301369863,True,0.0016666666666666668,226344,40673,8.323676582891494,3.13.15,2.5.1,test,small,optimum
scp62,BPSO,REFERENCE,V3-ELIT,22,10,6000,6000,357,149.0,2.0547945205479454,True,0.0016666666666666668,222773,40527,8.228109291754663,3.13.15,2.5.1,test,small,optimum
scp62,BPSO,REFERENCE,V3-ELIT,23,10,6000,6000,35,148.0,1.36986301369863,True,0.0016666666666666668,226863,40791,8.644639333710074,3.13.15,2.5.1,test,small,optimum
scp62,BPSO,REFERENCE,V3-ELIT,24,10,6000,6000,1859,149.0,2.0547945205479454,True,0.0016666666666666668,223954,41263,7.525252041872591,3.13.15,2.5.1,test,small,optimum
scp62,BPSO,REFERENCE,V3-ELIT,25,10,6000,6000,1021,149.0,2.0547945205479454,True,0.0016666666666666668,223230,40820,7.506095374934375,3.13.15,2.5.1,test,small,optimum
scp62,BPSO,REFERENCE,V3-ELIT,26,10,6000,6000,690,149.0,2.0547945205479454,True,0.0016666666666666668,222388,40574,7.513953874818981,3.13.15,2.5.1,test,small,optimum
scp62,BPSO,REFERENCE,V3-ELIT,27,10,6000,6000,70,148.0,1.36986301369863,True,0.0016666666666666668,226147,40618,8.416166375391185,3.13.15,2.5.1,test,small,optimum
scp62,BPSO,REFERENCE,V3-ELIT,28,10,6000,6000,2853,149.0,2.0547945205479454,True,0.0016666666666666668,220426,43501,8.192286249715835,3.13.15,2.5.1,test,small,optimum
scp62,BPSO,REFERENCE,V3-ELIT,29,10,6000,6000,2414,149.0,2.0547945205479454,True,0.0016666666666666668,224059,41068,8.30245541734621,3.13.15,2.5.1,test,small,optimum
scp62,BPSO,REFERENCE,V3-ELIT,3,10,6000,6000,3345,149.0,2.0547945205479454,True,0.0016666666666666668,223978,41082,7.5147273750044405,3.13.15,2.5.1,test,small,optimum
scp62,BPSO,REFERENCE,V3-ELIT,30,10,6000,6000,207,149.0,2.0547945205479454,True,0.0016666666666666668,222112,40578,7.846931875217706,3.13.15,2.5.1,test,small,optimum
scp62,BPSO,REFERENCE,V3-ELIT,4,10,6000,6000,388,149.0,2.0547945205479454,True,0.0016666666666666668,222236,40409,8.478497250005603,3.13.15,2.5.1,test,small,optimum
scp62,BPSO,REFERENCE,V3-ELIT,5,10,6000,6000,1555,149.0,2.0547945205479454,True,0.0016666666666666668,222915,41058,8.48811695817858,3.13.15,2.5.1,test,small,optimum
scp62,BPSO,REFERENCE,V3-ELIT,6,10,6000,6000,82,148.0,1.36986301369863,True,0.0016666666666666668,226308,40494,8.73689645761624,3.13.15,2.5.1,test,small,optimum
scp62,BPSO,REFERENCE,V3-ELIT,7,10,6000,6000,80,146.0,0.0,True,0.0016666666666666668,214909,38295,7.785565749742091,3.13.15,2.5.1,test,small,optimum
scp62,BPSO,REFERENCE,V3-ELIT,8,10,6000,6000,51,149.0,2.0547945205479454,True,0.0016666666666666668,222213,40105,7.543262500315905,3.13.15,2.5.1,test,small,optimum
scp62,BPSO,REFERENCE,V3-ELIT,9,10,6000,6000,851,149.0,2.0547945205479454,True,0.0016666666666666668,222558,40531,7.547456416767091,3.13.15,2.5.1,test,small,optimum
scp62,BPWO,PWO,S2-ELIT,0,10,6000,6000,107,151.0,3.4246575342465753,True,0.0016666666666666668,79677,21197,3.283152624964714,3.13.15,2.5.1,test,small,optimum
scp62,BPWO,PWO,S2-ELIT,1,10,6000,6000,40,146.0,0.0,True,0.0016666666666666668,75455,17284,3.203325250186026,3.13.15,2.5.1,test,small,optimum
scp62,BPWO,PWO,S2-ELIT,10,10,6000,6000,301,148.0,1.36986301369863,True,0.0016666666666666668,73853,16699,3.244144208729267,3.13.15,2.5.1,test,small,optimum
scp62,BPWO,PWO,S2-ELIT,11,10,6000,6000,136,148.0,1.36986301369863,True,0.0016666666666666668,73924,16872,3.921263084281236,3.13.15,2.5.1,test,small,optimum
scp62,BPWO,PWO,S2-ELIT,12,10,6000,6000,24,148.0,1.36986301369863,True,0.0018333333333333333,73607,16371,3.2340435832738876,3.13.15,2.5.1,test,small,optimum
scp62,BPWO,PWO,S2-ELIT,13,10,6000,6000,1307,147.0,0.684931506849315,True,0.0016666666666666668,75162,16661,3.2346908752806485,3.13.15,2.5.1,test,small,optimum
scp62,BPWO,PWO,S2-ELIT,14,10,6000,6000,37,148.0,1.36986301369863,True,0.0016666666666666668,80198,18705,3.27385591622442,3.13.15,2.5.1,test,small,optimum
scp62,BPWO,PWO,S2-ELIT,15,10,6000,6000,365,148.0,1.36986301369863,True,0.0016666666666666668,73560,16471,3.209827540908009,3.13.15,2.5.1,test,small,optimum
scp62,BPWO,PWO,S2-ELIT,16,10,6000,6000,67,148.0,1.36986301369863,True,0.0016666666666666668,74047,16576,4.129530167207122,3.13.15,2.5.1,test,small,optimum
scp62,BPWO,PWO,S2-ELIT,17,10,6000,6000,147,151.0,3.4246575342465753,True,0.0016666666666666668,79940,21361,3.966010333970189,3.13.15,2.5.1,test,small,optimum
scp62,BPWO,PWO,S2-ELIT,18,10,6000,6000,4818,148.0,1.36986301369863,True,0.0016666666666666668,78633,20538,4.128412249963731,3.13.15,2.5.1,test,small,optimum
scp62,BPWO,PWO,S2-ELIT,19,10,6000,6000,720,148.0,1.36986301369863,True,0.0016666666666666668,73422,16338,3.3151566251181066,3.13.15,2.5.1,test,small,optimum
scp62,BPWO,PWO,S2-ELIT,2,10,6000,6000,44,151.0,3.4246575342465753,True,0.0016666666666666668,80059,21552,3.492574708070606,3.13.15,2.5.1,test,small,optimum
scp62,BPWO,PWO,S2-ELIT,20,10,6000,6000,333,153.0,4.794520547945205,True,0.0018333333333333333,78309,19051,3.279517499729991,3.13.15,2.5.1,test,small,optimum
scp62,BPWO,PWO,S2-ELIT,21,10,6000,6000,145,151.0,3.4246575342465753,True,0.0016666666666666668,80108,21559,3.3208609581924975,3.13.15,2.5.1,test,small,optimum
scp62,BPWO,PWO,S2-ELIT,22,10,6000,6000,92,153.0,4.794520547945205,True,0.0016666666666666668,78615,19143,3.2631374998018146,3.13.15,2.5.1,test,small,optimum
scp62,BPWO,PWO,S2-ELIT,23,10,6000,6000,165,148.0,1.36986301369863,True,0.0016666666666666668,73852,16507,3.5985458749346435,3.13.15,2.5.1,test,small,optimum
scp62,BPWO,PWO,S2-ELIT,24,10,6000,6000,62,151.0,3.4246575342465753,True,0.0016666666666666668,79520,21651,3.512588625308126,3.13.15,2.5.1,test,small,optimum
scp62,BPWO,PWO,S2-ELIT,25,10,6000,6000,264,151.0,3.4246575342465753,True,0.0016666666666666668,79261,21202,3.616974832955748,3.13.15,2.5.1,test,small,optimum
scp62,BPWO,PWO,S2-ELIT,26,10,6000,6000,78,148.0,1.36986301369863,True,0.0016666666666666668,73721,16674,3.574454791843891,3.13.15,2.5.1,test,small,optimum
scp62,BPWO,PWO,S2-ELIT,27,10,6000,6000,483,148.0,1.36986301369863,True,0.0016666666666666668,73502,16448,3.694292124826461,3.13.15,2.5.1,test,small,optimum
scp62,BPWO,PWO,S2-ELIT,28,10,6000,6000,1471,148.0,1.36986301369863,True,0.0016666666666666668,74969,17744,3.5619766251184046,3.13.15,2.5.1,test,small,optimum
scp62,BPWO,PWO,S2-ELIT,29,10,6000,6000,2548,148.0,1.36986301369863,True,0.0016666666666666668,74041,16338,3.4534764168784022,3.13.15,2.5.1,test,small,optimum
scp62,BPWO,PWO,S2-ELIT,3,10,6000,6000,116,148.0,1.36986301369863,True,0.0016666666666666668,73317,16459,3.3167659589089453,3.13.15,2.5.1,test,small,optimum
scp62,BPWO,PWO,S2-ELIT,30,10,6000,6000,2809,148.0,1.36986301369863,True,0.0016666666666666668,76449,18983,3.2728852913714945,3.13.15,2.5.1,test,small,optimum
scp62,BPWO,PWO,S2-ELIT,4,10,6000,6000,504,151.0,3.4246575342465753,True,0.0016666666666666668,78946,20769,3.3088154173456132,3.13.15,2.5.1,test,small,optimum
scp62,BPWO,PWO,S2-ELIT,5,10,6000,6000,21,149.0,2.0547945205479454,True,0.0016666666666666668,72199,15294,3.146985915955156,3.13.15,2.5.1,test,small,optimum
scp62,BPWO,PWO,S2-ELIT,6,10,6000,6000,676,148.0,1.36986301369863,True,0.0016666666666666668,73299,16296,3.6425639167428017,3.13.15,2.5.1,test,small,optimum
scp62,BPWO,PWO,S2-ELIT,7,10,6000,6000,63,151.0,3.4246575342465753,True,0.0016666666666666668,79852,21379,3.3213382912799716,3.13.15,2.5.1,test,small,optimum
scp62,BPWO,PWO,S2-ELIT,8,10,6000,6000,132,151.0,3.4246575342465753,True,0.0016666666666666668,79846,21275,3.3013733332045376,3.13.15,2.5.1,test,small,optimum
scp62,BPWO,PWO,S2-ELIT,9,10,6000,6000,23,148.0,1.36986301369863,True,0.0016666666666666668,73917,16568,3.250458292197436,3.13.15,2.5.1,test,small,optimum
scp62,BPWO,PWO,V3-ELIT,0,10,6000,6000,3243,148.0,1.36986301369863,True,0.0016666666666666668,83771,20273,3.3364740000106394,3.13.15,2.5.1,test,small,optimum
scp62,BPWO,PWO,V3-ELIT,1,10,6000,6000,676,148.0,1.36986301369863,True,0.0016666666666666668,80286,17454,4.045210792217404,3.13.15,2.5.1,test,small,optimum
scp62,BPWO,PWO,V3-ELIT,10,10,6000,6000,1802,148.0,1.36986301369863,True,0.0016666666666666668,82032,19088,3.774621832650155,3.13.15,2.5.1,test,small,optimum
scp62,BPWO,PWO,V3-ELIT,11,10,6000,6000,112,149.0,2.0547945205479454,True,0.0016666666666666668,81449,19432,3.4214920829981565,3.13.15,2.5.1,test,small,optimum
scp62,BPWO,PWO,V3-ELIT,12,10,6000,6000,90,148.0,1.36986301369863,True,0.0016666666666666668,79843,17564,3.3431447907350957,3.13.15,2.5.1,test,small,optimum
scp62,BPWO,PWO,V3-ELIT,13,10,6000,6000,2026,148.0,1.36986301369863,True,0.0016666666666666668,81617,19093,3.362996666226536,3.13.15,2.5.1,test,small,optimum
scp62,BPWO,PWO,V3-ELIT,14,10,6000,6000,212,146.0,0.0,True,0.0016666666666666668,81205,18285,3.3322584591805935,3.13.15,2.5.1,test,small,optimum
scp62,BPWO,PWO,V3-ELIT,15,10,6000,6000,272,148.0,1.36986301369863,True,0.0016666666666666668,80442,17805,4.22388062486425,3.13.15,2.5.1,test,small,optimum
scp62,BPWO,PWO,V3-ELIT,16,10,6000,6000,105,148.0,1.36986301369863,True,0.0016666666666666668,80431,17643,3.3495350419543684,3.13.15,2.5.1,test,small,optimum
scp62,BPWO,PWO,V3-ELIT,17,10,6000,6000,1536,148.0,1.36986301369863,True,0.0016666666666666668,79915,17410,3.302570417057723,3.13.15,2.5.1,test,small,optimum
scp62,BPWO,PWO,V3-ELIT,18,10,6000,6000,4818,148.0,1.36986301369863,True,0.0016666666666666668,85536,21730,3.4067066670395434,3.13.15,2.5.1,test,small,optimum
scp62,BPWO,PWO,V3-ELIT,19,10,6000,6000,287,148.0,1.36986301369863,True,0.0016666666666666668,80052,17653,3.384800541680306,3.13.15,2.5.1,test,small,optimum
scp62,BPWO,PWO,V3-ELIT,2,10,6000,6000,383,148.0,1.36986301369863,True,0.0016666666666666668,80200,17616,3.264587666839361,3.13.15,2.5.1,test,small,optimum
scp62,BPWO,PWO,V3-ELIT,20,10,6000,6000,805,148.0,1.36986301369863,True,0.0016666666666666668,80400,17595,3.8234396246261895,3.13.15,2.5.1,test,small,optimum
scp62,BPWO,PWO,V3-ELIT,21,10,6000,6000,130,151.0,3.4246575342465753,True,0.0016666666666666668,86410,22587,3.889814832713455,3.13.15,2.5.1,test,small,optimum
scp62,BPWO,PWO,V3-ELIT,22,10,6000,6000,4395,148.0,1.36986301369863,True,0.0016666666666666668,84665,21290,4.006585916969925,3.13.15,2.5.1,test,small,optimum
scp62,BPWO,PWO,V3-ELIT,23,10,6000,6000,567,148.0,1.36986301369863,True,0.0016666666666666668,80906,18027,3.5113094584085047,3.13.15,2.5.1,test,small,optimum
scp62,BPWO,PWO,V3-ELIT,24,10,6000,6000,1005,147.0,0.684931506849315,True,0.0016666666666666668,80851,17462,3.4191612917929888,3.13.15,2.5.1,test,small,optimum
scp62,BPWO,PWO,V3-ELIT,25,10,6000,6000,55,148.0,1.36986301369863,True,0.0016666666666666668,87403,20181,3.392633041832596,3.13.15,2.5.1,test,small,optimum
scp62,BPWO,PWO,V3-ELIT,26,10,6000,6000,2476,148.0,1.36986301369863,True,0.0016666666666666668,79998,17269,3.274173874873668,3.13.15,2.5.1,test,small,optimum
scp62,BPWO,PWO,V3-ELIT,27,10,6000,6000,126,153.0,4.794520547945205,True,0.0016666666666666668,85391,19941,3.7318737921305,3.13.15,2.5.1,test,small,optimum
scp62,BPWO,PWO,V3-ELIT,28,10,6000,6000,165,148.0,1.36986301369863,True,0.0016666666666666668,80056,17566,3.336609416641295,3.13.15,2.5.1,test,small,optimum
scp62,BPWO,PWO,V3-ELIT,29,10,6000,6000,1055,148.0,1.36986301369863,True,0.0016666666666666668,81592,18904,3.3621520423330367,3.13.15,2.5.1,test,small,optimum
scp62,BPWO,PWO,V3-ELIT,3,10,6000,6000,152,148.0,1.36986301369863,True,0.0016666666666666668,80373,17692,3.3736614589579403,3.13.15,2.5.1,test,small,optimum
scp62,BPWO,PWO,V3-ELIT,30,10,6000,6000,524,151.0,3.4246575342465753,True,0.0016666666666666668,86366,22228,3.395946290809661,3.13.15,2.5.1,test,small,optimum
scp62,BPWO,PWO,V3-ELIT,4,10,6000,6000,94,148.0,1.36986301369863,True,0.0016666666666666668,80106,17666,4.052713041659445,3.13.15,2.5.1,test,small,optimum
scp62,BPWO,PWO,V3-ELIT,5,10,6000,6000,45,151.0,3.4246575342465753,True,0.0016666666666666668,86137,22593,4.101813292130828,3.13.15,2.5.1,test,small,optimum
scp62,BPWO,PWO,V3-ELIT,6,10,6000,6000,98,148.0,1.36986301369863,True,0.0016666666666666668,79711,17513,3.686036417260766,3.13.15,2.5.1,test,small,optimum
scp62,BPWO,PWO,V3-ELIT,7,10,6000,6000,3728,148.0,1.36986301369863,True,0.0016666666666666668,84216,20533,3.4100912921130657,3.13.15,2.5.1,test,small,optimum
scp62,BPWO,PWO,V3-ELIT,8,10,6000,6000,90,151.0,3.4246575342465753,True,0.0016666666666666668,86595,22544,3.445397375151515,3.13.15,2.5.1,test,small,optimum
scp62,BPWO,PWO,V3-ELIT,9,10,6000,6000,73,151.0,3.4246575342465753,True,0.0016666666666666668,86446,22500,3.4676732923835516,3.13.15,2.5.1,test,small,optimum
scp62,GREEDY,N/A,N/A,N/A,N/A,1,1,1,156.0,6.8493150684931505,True,N/A,46,6,0.0018005832098424435,3.13.15,2.5.1,test,small,optimum
scpa2,ABLATION_IID,IID,V3-ELIT,0,10,6000,6000,137,258.0,2.380952380952381,True,0.0016666666666666668,304995,45586,21.266857083886862,3.13.15,2.5.1,test,medium,optimum
scpa2,ABLATION_IID,IID,V3-ELIT,1,10,6000,6000,68,258.0,2.380952380952381,True,0.0016666666666666668,305338,45494,21.51429416704923,3.13.15,2.5.1,test,medium,optimum
scpa2,ABLATION_IID,IID,V3-ELIT,10,10,6000,6000,233,258.0,2.380952380952381,True,0.0016666666666666668,304931,45493,22.16915237531066,3.13.15,2.5.1,test,medium,optimum
scpa2,ABLATION_IID,IID,V3-ELIT,11,10,6000,6000,241,258.0,2.380952380952381,True,0.0016666666666666668,305222,45435,22.110460124909878,3.13.15,2.5.1,test,medium,optimum
scpa2,ABLATION_IID,IID,V3-ELIT,12,10,6000,6000,831,258.0,2.380952380952381,True,0.0016666666666666668,304936,45625,22.87352399993688,3.13.15,2.5.1,test,medium,optimum
scpa2,ABLATION_IID,IID,V3-ELIT,13,10,6000,6000,114,254.0,0.7936507936507936,True,0.0016666666666666668,303286,47460,21.622285415884107,3.13.15,2.5.1,test,medium,optimum
scpa2,ABLATION_IID,IID,V3-ELIT,14,10,6000,6000,33,254.0,0.7936507936507936,True,0.0016666666666666668,302993,47447,21.445534790866077,3.13.15,2.5.1,test,medium,optimum
scpa2,ABLATION_IID,IID,V3-ELIT,15,10,6000,6000,264,258.0,2.380952380952381,True,0.0016666666666666668,305567,45506,21.383509040810168,3.13.15,2.5.1,test,medium,optimum
scpa2,ABLATION_IID,IID,V3-ELIT,16,10,6000,6000,79,258.0,2.380952380952381,True,0.0016666666666666668,306108,45850,21.715947083197534,3.13.15,2.5.1,test,medium,optimum
scpa2,ABLATION_IID,IID,V3-ELIT,17,10,6000,6000,72,258.0,2.380952380952381,True,0.0016666666666666668,304831,45556,21.918572208844125,3.13.15,2.5.1,test,medium,optimum
scpa2,ABLATION_IID,IID,V3-ELIT,18,10,6000,6000,76,258.0,2.380952380952381,True,0.0016666666666666668,304764,45611,21.8933150828816,3.13.15,2.5.1,test,medium,optimum
scpa2,ABLATION_IID,IID,V3-ELIT,19,10,6000,6000,41,258.0,2.380952380952381,True,0.0016666666666666668,304916,45268,21.980654667131603,3.13.15,2.5.1,test,medium,optimum
scpa2,ABLATION_IID,IID,V3-ELIT,2,10,6000,6000,115,258.0,2.380952380952381,True,0.0016666666666666668,304866,45608,21.382221582811326,3.13.15,2.5.1,test,medium,optimum
scpa2,ABLATION_IID,IID,V3-ELIT,20,10,6000,6000,62,258.0,2.380952380952381,True,0.0016666666666666668,304577,45631,21.578375667333603,3.13.15,2.5.1,test,medium,optimum
scpa2,ABLATION_IID,IID,V3-ELIT,21,10,6000,6000,136,258.0,2.380952380952381,True,0.0016666666666666668,305535,45794,21.30743483407423,3.13.15,2.5.1,test,medium,optimum
scpa2,ABLATION_IID,IID,V3-ELIT,22,10,6000,6000,101,258.0,2.380952380952381,True,0.0016666666666666668,304648,45262,21.48603720869869,3.13.15,2.5.1,test,medium,optimum
scpa2,ABLATION_IID,IID,V3-ELIT,23,10,6000,6000,143,258.0,2.380952380952381,True,0.0016666666666666668,305562,45821,21.648219833150506,3.13.15,2.5.1,test,medium,optimum
scpa2,ABLATION_IID,IID,V3-ELIT,24,10,6000,6000,84,258.0,2.380952380952381,True,0.0016666666666666668,305432,45792,23.68928295839578,3.13.15,2.5.1,test,medium,optimum
scpa2,ABLATION_IID,IID,V3-ELIT,25,10,6000,6000,295,258.0,2.380952380952381,True,0.0016666666666666668,305414,45475,23.327903584111482,3.13.15,2.5.1,test,medium,optimum
scpa2,ABLATION_IID,IID,V3-ELIT,26,10,6000,6000,272,258.0,2.380952380952381,True,0.0016666666666666668,305386,45713,22.871304292231798,3.13.15,2.5.1,test,medium,optimum
scpa2,ABLATION_IID,IID,V3-ELIT,27,10,6000,6000,198,258.0,2.380952380952381,True,0.0016666666666666668,304611,45451,22.547901541925967,3.13.15,2.5.1,test,medium,optimum
scpa2,ABLATION_IID,IID,V3-ELIT,28,10,6000,6000,81,258.0,2.380952380952381,True,0.0016666666666666668,305978,45614,21.630793082993478,3.13.15,2.5.1,test,medium,optimum
scpa2,ABLATION_IID,IID,V3-ELIT,29,10,6000,6000,80,258.0,2.380952380952381,True,0.0016666666666666668,305675,45758,22.13424775004387,3.13.15,2.5.1,test,medium,optimum
scpa2,ABLATION_IID,IID,V3-ELIT,3,10,6000,6000,113,258.0,2.380952380952381,True,0.0016666666666666668,305480,45772,21.547607332933694,3.13.15,2.5.1,test,medium,optimum
scpa2,ABLATION_IID,IID,V3-ELIT,30,10,6000,6000,161,258.0,2.380952380952381,True,0.0016666666666666668,305279,45895,22.087054207921028,3.13.15,2.5.1,test,medium,optimum
scpa2,ABLATION_IID,IID,V3-ELIT,4,10,6000,6000,265,254.0,0.7936507936507936,True,0.0016666666666666668,303850,47718,23.01991454185918,3.13.15,2.5.1,test,medium,optimum
scpa2,ABLATION_IID,IID,V3-ELIT,5,10,6000,6000,60,258.0,2.380952380952381,True,0.0016666666666666668,306187,45607,22.3614522498101,3.13.15,2.5.1,test,medium,optimum
scpa2,ABLATION_IID,IID,V3-ELIT,6,10,6000,6000,63,254.0,0.7936507936507936,True,0.0016666666666666668,302698,47281,22.411074500065297,3.13.15,2.5.1,test,medium,optimum
scpa2,ABLATION_IID,IID,V3-ELIT,7,10,6000,6000,2591,254.0,0.7936507936507936,True,0.0016666666666666668,307791,49319,21.996478917077184,3.13.15,2.5.1,test,medium,optimum
scpa2,ABLATION_IID,IID,V3-ELIT,8,10,6000,6000,129,258.0,2.380952380952381,True,0.0016666666666666668,305623,45803,21.512140958104283,3.13.15,2.5.1,test,medium,optimum
scpa2,ABLATION_IID,IID,V3-ELIT,9,10,6000,6000,97,258.0,2.380952380952381,True,0.0016666666666666668,305002,45575,22.233287625014782,3.13.15,2.5.1,test,medium,optimum
scpa2,BGWO,REFERENCE,V3-ELIT,0,10,6000,6000,278,258.0,2.380952380952381,True,0.0016666666666666668,159171,31092,12.674850624985993,3.13.15,2.5.1,test,medium,optimum
scpa2,BGWO,REFERENCE,V3-ELIT,1,10,6000,6000,318,258.0,2.380952380952381,True,0.0016666666666666668,159357,31443,13.559270000085235,3.13.15,2.5.1,test,medium,optimum
scpa2,BGWO,REFERENCE,V3-ELIT,10,10,6000,6000,340,258.0,2.380952380952381,True,0.0016666666666666668,158760,31029,13.537883792072535,3.13.15,2.5.1,test,medium,optimum
scpa2,BGWO,REFERENCE,V3-ELIT,11,10,6000,6000,382,258.0,2.380952380952381,True,0.0016666666666666668,158992,31138,13.850222874898463,3.13.15,2.5.1,test,medium,optimum
scpa2,BGWO,REFERENCE,V3-ELIT,12,10,6000,6000,252,258.0,2.380952380952381,True,0.0016666666666666668,158879,31060,13.191600374877453,3.13.15,2.5.1,test,medium,optimum
scpa2,BGWO,REFERENCE,V3-ELIT,13,10,6000,6000,326,258.0,2.380952380952381,True,0.0016666666666666668,158514,31429,13.825970749836415,3.13.15,2.5.1,test,medium,optimum
scpa2,BGWO,REFERENCE,V3-ELIT,14,10,6000,6000,279,254.0,0.7936507936507936,True,0.0016666666666666668,158913,32595,13.994885541964322,3.13.15,2.5.1,test,medium,optimum
scpa2,BGWO,REFERENCE,V3-ELIT,15,10,6000,6000,397,257.0,1.9841269841269842,True,0.0016666666666666668,159045,31331,13.951222541742027,3.13.15,2.5.1,test,medium,optimum
scpa2,BGWO,REFERENCE,V3-ELIT,16,10,6000,6000,1128,256.0,1.5873015873015872,True,0.0016666666666666668,165320,35754,13.641434833407402,3.13.15,2.5.1,test,medium,optimum
scpa2,BGWO,REFERENCE,V3-ELIT,17,10,6000,6000,63,258.0,2.380952380952381,True,0.0016666666666666668,164151,34533,13.985335666220635,3.13.15,2.5.1,test,medium,optimum
scpa2,BGWO,REFERENCE,V3-ELIT,18,10,6000,6000,383,258.0,2.380952380952381,True,0.0016666666666666668,159884,31363,14.07387691643089,3.13.15,2.5.1,test,medium,optimum
scpa2,BGWO,REFERENCE,V3-ELIT,19,10,6000,6000,250,256.0,1.5873015873015872,True,0.0016666666666666668,167165,37183,14.228825416881591,3.13.15,2.5.1,test,medium,optimum
scpa2,BGWO,REFERENCE,V3-ELIT,2,10,6000,6000,360,258.0,2.380952380952381,True,0.0016666666666666668,159214,31213,13.499133083969355,3.13.15,2.5.1,test,medium,optimum
scpa2,BGWO,REFERENCE,V3-ELIT,20,10,6000,6000,120,258.0,2.380952380952381,True,0.0016666666666666668,159702,31068,12.642319917213172,3.13.15,2.5.1,test,medium,optimum
scpa2,BGWO,REFERENCE,V3-ELIT,21,10,6000,6000,854,258.0,2.380952380952381,True,0.0016666666666666668,159917,31463,13.397589499596506,3.13.15,2.5.1,test,medium,optimum
scpa2,BGWO,REFERENCE,V3-ELIT,22,10,6000,6000,906,256.0,1.5873015873015872,True,0.0016666666666666668,167247,38265,13.76971820788458,3.13.15,2.5.1,test,medium,optimum
scpa2,BGWO,REFERENCE,V3-ELIT,23,10,6000,6000,369,258.0,2.380952380952381,True,0.0016666666666666668,159312,31143,13.650867166928947,3.13.15,2.5.1,test,medium,optimum
scpa2,BGWO,REFERENCE,V3-ELIT,24,10,6000,6000,530,256.0,1.5873015873015872,True,0.0016666666666666668,166304,36033,13.585387332830578,3.13.15,2.5.1,test,medium,optimum
scpa2,BGWO,REFERENCE,V3-ELIT,25,10,6000,6000,1094,258.0,2.380952380952381,True,0.0016666666666666668,159836,31438,13.905083458404988,3.13.15,2.5.1,test,medium,optimum
scpa2,BGWO,REFERENCE,V3-ELIT,26,10,6000,6000,799,258.0,2.380952380952381,True,0.0016666666666666668,159432,31581,14.068690791260451,3.13.15,2.5.1,test,medium,optimum
scpa2,BGWO,REFERENCE,V3-ELIT,27,10,6000,6000,293,258.0,2.380952380952381,True,0.0016666666666666668,158681,31249,13.60930158291012,3.13.15,2.5.1,test,medium,optimum
scpa2,BGWO,REFERENCE,V3-ELIT,28,10,6000,6000,778,258.0,2.380952380952381,True,0.0016666666666666668,159106,30931,13.97782462509349,3.13.15,2.5.1,test,medium,optimum
scpa2,BGWO,REFERENCE,V3-ELIT,29,10,6000,6000,1897,256.0,1.5873015873015872,True,0.0016666666666666668,166730,37682,14.497249249834567,3.13.15,2.5.1,test,medium,optimum
scpa2,BGWO,REFERENCE,V3-ELIT,3,10,6000,6000,338,254.0,0.7936507936507936,True,0.0016666666666666668,159511,32615,13.65616916725412,3.13.15,2.5.1,test,medium,optimum
scpa2,BGWO,REFERENCE,V3-ELIT,30,10,6000,6000,837,258.0,2.380952380952381,True,0.0016666666666666668,159258,31168,14.459457749966532,3.13.15,2.5.1,test,medium,optimum
scpa2,BGWO,REFERENCE,V3-ELIT,4,10,6000,6000,464,258.0,2.380952380952381,True,0.0016666666666666668,159519,31535,13.359229166992009,3.13.15,2.5.1,test,medium,optimum
scpa2,BGWO,REFERENCE,V3-ELIT,5,10,6000,6000,606,258.0,2.380952380952381,True,0.0016666666666666668,160114,31361,13.800350457895547,3.13.15,2.5.1,test,medium,optimum
scpa2,BGWO,REFERENCE,V3-ELIT,6,10,6000,6000,914,256.0,1.5873015873015872,True,0.0016666666666666668,165658,35950,13.95039241714403,3.13.15,2.5.1,test,medium,optimum
scpa2,BGWO,REFERENCE,V3-ELIT,7,10,6000,6000,1124,256.0,1.5873015873015872,True,0.0016666666666666668,166439,36014,13.915479291696101,3.13.15,2.5.1,test,medium,optimum
scpa2,BGWO,REFERENCE,V3-ELIT,8,10,6000,6000,574,258.0,2.380952380952381,True,0.0016666666666666668,158467,30828,13.082128874957561,3.13.15,2.5.1,test,medium,optimum
scpa2,BGWO,REFERENCE,V3-ELIT,9,10,6000,6000,186,258.0,2.380952380952381,True,0.0016666666666666668,159001,31490,13.444450250361115,3.13.15,2.5.1,test,medium,optimum
scpa2,BPSO,REFERENCE,V3-ELIT,0,10,6000,6000,45,258.0,2.380952380952381,True,0.0016666666666666668,469585,61949,35.05195791600272,3.13.15,2.5.1,test,medium,optimum
scpa2,BPSO,REFERENCE,V3-ELIT,1,10,6000,6000,52,258.0,2.380952380952381,True,0.0016666666666666668,468997,61891,34.62829974992201,3.13.15,2.5.1,test,medium,optimum
scpa2,BPSO,REFERENCE,V3-ELIT,10,10,6000,6000,80,258.0,2.380952380952381,True,0.0016666666666666668,469169,61722,34.044594457838684,3.13.15,2.5.1,test,medium,optimum
scpa2,BPSO,REFERENCE,V3-ELIT,11,10,6000,6000,55,258.0,2.380952380952381,True,0.0016666666666666668,469349,61836,34.27339629083872,3.13.15,2.5.1,test,medium,optimum
scpa2,BPSO,REFERENCE,V3-ELIT,12,10,6000,6000,177,258.0,2.380952380952381,True,0.0016666666666666668,468858,61847,33.81461645942181,3.13.15,2.5.1,test,medium,optimum
scpa2,BPSO,REFERENCE,V3-ELIT,13,10,6000,6000,184,258.0,2.380952380952381,True,0.0016666666666666668,469968,62018,34.40479225013405,3.13.15,2.5.1,test,medium,optimum
scpa2,BPSO,REFERENCE,V3-ELIT,14,10,6000,6000,159,258.0,2.380952380952381,True,0.0016666666666666668,469650,62046,34.6327496659942,3.13.15,2.5.1,test,medium,optimum
scpa2,BPSO,REFERENCE,V3-ELIT,15,10,6000,6000,69,258.0,2.380952380952381,True,0.0016666666666666668,469671,61899,34.80041008302942,3.13.15,2.5.1,test,medium,optimum
scpa2,BPSO,REFERENCE,V3-ELIT,16,10,6000,6000,132,258.0,2.380952380952381,True,0.0016666666666666668,469586,61915,34.996164915617555,3.13.15,2.5.1,test,medium,optimum
scpa2,BPSO,REFERENCE,V3-ELIT,17,10,6000,6000,76,258.0,2.380952380952381,True,0.0016666666666666668,469392,61971,34.32832424994558,3.13.15,2.5.1,test,medium,optimum
scpa2,BPSO,REFERENCE,V3-ELIT,18,10,6000,6000,126,258.0,2.380952380952381,True,0.0016666666666666668,469519,61867,34.446530332788825,3.13.15,2.5.1,test,medium,optimum
scpa2,BPSO,REFERENCE,V3-ELIT,19,10,6000,6000,57,258.0,2.380952380952381,True,0.0016666666666666668,469497,61882,34.42886974988505,3.13.15,2.5.1,test,medium,optimum
scpa2,BPSO,REFERENCE,V3-ELIT,2,10,6000,6000,155,258.0,2.380952380952381,True,0.0016666666666666668,469113,61937,34.61657070927322,3.13.15,2.5.1,test,medium,optimum
scpa2,BPSO,REFERENCE,V3-ELIT,20,10,6000,6000,137,258.0,2.380952380952381,True,0.0016666666666666668,469404,62005,34.74247129121795,3.13.15,2.5.1,test,medium,optimum
scpa2,BPSO,REFERENCE,V3-ELIT,21,10,6000,6000,100,258.0,2.380952380952381,True,0.0016666666666666668,469454,61885,35.196063208859414,3.13.15,2.5.1,test,medium,optimum
scpa2,BPSO,REFERENCE,V3-ELIT,22,10,6000,6000,153,258.0,2.380952380952381,True,0.0016666666666666668,469408,62016,34.919325083028525,3.13.15,2.5.1,test,medium,optimum
scpa2,BPSO,REFERENCE,V3-ELIT,23,10,6000,6000,90,258.0,2.380952380952381,True,0.0016666666666666668,469222,61826,34.84610500000417,3.13.15,2.5.1,test,medium,optimum
scpa2,BPSO,REFERENCE,V3-ELIT,24,10,6000,6000,50,258.0,2.380952380952381,True,0.0016666666666666668,469059,61888,33.74088762467727,3.13.15,2.5.1,test,medium,optimum
scpa2,BPSO,REFERENCE,V3-ELIT,25,10,6000,6000,102,258.0,2.380952380952381,True,0.0016666666666666668,469668,62166,33.7565334578976,3.13.15,2.5.1,test,medium,optimum
scpa2,BPSO,REFERENCE,V3-ELIT,26,10,6000,6000,38,258.0,2.380952380952381,True,0.0016666666666666668,468944,61966,33.74991229083389,3.13.15,2.5.1,test,medium,optimum
scpa2,BPSO,REFERENCE,V3-ELIT,27,10,6000,6000,82,258.0,2.380952380952381,True,0.0016666666666666668,469020,61987,34.23138837516308,3.13.15,2.5.1,test,medium,optimum
scpa2,BPSO,REFERENCE,V3-ELIT,28,10,6000,6000,132,258.0,2.380952380952381,True,0.0016666666666666668,469262,61993,35.48459991719574,3.13.15,2.5.1,test,medium,optimum
scpa2,BPSO,REFERENCE,V3-ELIT,29,10,6000,6000,122,258.0,2.380952380952381,True,0.0016666666666666668,468919,62100,34.86271095927805,3.13.15,2.5.1,test,medium,optimum
scpa2,BPSO,REFERENCE,V3-ELIT,3,10,6000,6000,80,258.0,2.380952380952381,True,0.0016666666666666668,469363,61939,34.6257523749955,3.13.15,2.5.1,test,medium,optimum
scpa2,BPSO,REFERENCE,V3-ELIT,30,10,6000,6000,146,258.0,2.380952380952381,True,0.0016666666666666668,469063,61821,35.068125375080854,3.13.15,2.5.1,test,medium,optimum
scpa2,BPSO,REFERENCE,V3-ELIT,4,10,6000,6000,187,258.0,2.380952380952381,True,0.0016666666666666668,469649,61992,34.22439758293331,3.13.15,2.5.1,test,medium,optimum
scpa2,BPSO,REFERENCE,V3-ELIT,5,10,6000,6000,92,258.0,2.380952380952381,True,0.0016666666666666668,469290,61827,34.125436374917626,3.13.15,2.5.1,test,medium,optimum
scpa2,BPSO,REFERENCE,V3-ELIT,6,10,6000,6000,69,258.0,2.380952380952381,True,0.0016666666666666668,469229,61903,34.17349654203281,3.13.15,2.5.1,test,medium,optimum
scpa2,BPSO,REFERENCE,V3-ELIT,7,10,6000,6000,100,258.0,2.380952380952381,True,0.0016666666666666668,469537,61819,34.61550199985504,3.13.15,2.5.1,test,medium,optimum
scpa2,BPSO,REFERENCE,V3-ELIT,8,10,6000,6000,167,258.0,2.380952380952381,True,0.0016666666666666668,469669,61650,35.05142570892349,3.13.15,2.5.1,test,medium,optimum
scpa2,BPSO,REFERENCE,V3-ELIT,9,10,6000,6000,44,258.0,2.380952380952381,True,0.0016666666666666668,469033,62015,34.17508962517604,3.13.15,2.5.1,test,medium,optimum
scpa2,BPWO,PWO,S2-ELIT,0,10,6000,6000,314,258.0,2.380952380952381,True,0.0016666666666666668,139297,29251,12.17933045886457,3.13.15,2.5.1,test,medium,optimum
scpa2,BPWO,PWO,S2-ELIT,1,10,6000,6000,603,258.0,2.380952380952381,True,0.0016666666666666668,139157,29085,12.555110791698098,3.13.15,2.5.1,test,medium,optimum
scpa2,BPWO,PWO,S2-ELIT,10,10,6000,6000,5210,258.0,2.380952380952381,True,0.0016666666666666668,140385,28534,13.139576542191207,3.13.15,2.5.1,test,medium,optimum
scpa2,BPWO,PWO,S2-ELIT,11,10,6000,6000,1259,258.0,2.380952380952381,True,0.0016666666666666668,139549,29897,12.729496167041361,3.13.15,2.5.1,test,medium,optimum
scpa2,BPWO,PWO,S2-ELIT,12,10,6000,6000,218,258.0,2.380952380952381,True,0.0016666666666666668,139021,29119,12.681585958227515,3.13.15,2.5.1,test,medium,optimum
scpa2,BPWO,PWO,S2-ELIT,13,10,6000,6000,2370,258.0,2.380952380952381,True,0.0016666666666666668,140768,29431,13.14884433336556,3.13.15,2.5.1,test,medium,optimum
scpa2,BPWO,PWO,S2-ELIT,14,10,6000,6000,995,254.0,0.7936507936507936,True,0.0016666666666666668,137688,29524,13.298618542030454,3.13.15,2.5.1,test,medium,optimum
scpa2,BPWO,PWO,S2-ELIT,15,10,6000,6000,710,258.0,2.380952380952381,True,0.0016666666666666668,139184,28953,12.848085083067417,3.13.15,2.5.1,test,medium,optimum
scpa2,BPWO,PWO,S2-ELIT,16,10,6000,6000,105,256.0,1.5873015873015872,True,0.0016666666666666668,146318,36207,12.836887957993895,3.13.15,2.5.1,test,medium,optimum
scpa2,BPWO,PWO,S2-ELIT,17,10,6000,6000,1604,254.0,0.7936507936507936,True,0.0016666666666666668,140250,31325,11.897847667336464,3.13.15,2.5.1,test,medium,optimum
scpa2,BPWO,PWO,S2-ELIT,18,10,6000,6000,1103,258.0,2.380952380952381,True,0.0016666666666666668,140127,29394,11.64804062480107,3.13.15,2.5.1,test,medium,optimum
scpa2,BPWO,PWO,S2-ELIT,19,10,6000,6000,150,258.0,2.380952380952381,True,0.0016666666666666668,139297,29002,11.807385333348066,3.13.15,2.5.1,test,medium,optimum
scpa2,BPWO,PWO,S2-ELIT,2,10,6000,6000,666,258.0,2.380952380952381,True,0.0016666666666666668,139470,29194,12.564086582977325,3.13.15,2.5.1,test,medium,optimum
scpa2,BPWO,PWO,S2-ELIT,20,10,6000,6000,656,258.0,2.380952380952381,True,0.0016666666666666668,139662,29222,12.931957208085805,3.13.15,2.5.1,test,medium,optimum
scpa2,BPWO,PWO,S2-ELIT,21,10,6000,6000,366,258.0,2.380952380952381,True,0.0016666666666666668,140000,29161,12.81173212500289,3.13.15,2.5.1,test,medium,optimum
scpa2,BPWO,PWO,S2-ELIT,22,10,6000,6000,3909,258.0,2.380952380952381,True,0.0016666666666666668,140474,28874,12.885413041803986,3.13.15,2.5.1,test,medium,optimum
scpa2,BPWO,PWO,S2-ELIT,23,10,6000,6000,161,258.0,2.380952380952381,True,0.0016666666666666668,139075,29145,12.834016083274037,3.13.15,2.5.1,test,medium,optimum
scpa2,BPWO,PWO,S2-ELIT,24,10,6000,6000,4377,256.0,1.5873015873015872,True,0.0016666666666666668,144872,33343,12.668845667038113,3.13.15,2.5.1,test,medium,optimum
scpa2,BPWO,PWO,S2-ELIT,25,10,6000,6000,3170,258.0,2.380952380952381,True,0.0016666666666666668,141288,29981,12.384415540844202,3.13.15,2.5.1,test,medium,optimum
scpa2,BPWO,PWO,S2-ELIT,26,10,6000,6000,2002,258.0,2.380952380952381,True,0.0016666666666666668,139632,28727,12.742696875240654,3.13.15,2.5.1,test,medium,optimum
scpa2,BPWO,PWO,S2-ELIT,27,10,6000,6000,421,258.0,2.380952380952381,True,0.0016666666666666668,139115,29020,12.72992774983868,3.13.15,2.5.1,test,medium,optimum
scpa2,BPWO,PWO,S2-ELIT,28,10,6000,6000,909,258.0,2.380952380952381,True,0.0016666666666666668,140128,29311,13.2135263341479,3.13.15,2.5.1,test,medium,optimum
scpa2,BPWO,PWO,S2-ELIT,29,10,6000,6000,809,258.0,2.380952380952381,True,0.0016666666666666668,140097,29548,13.028596584219486,3.13.15,2.5.1,test,medium,optimum
scpa2,BPWO,PWO,S2-ELIT,3,10,6000,6000,63,254.0,0.7936507936507936,True,0.0016666666666666668,137584,30592,12.780831790994853,3.13.15,2.5.1,test,medium,optimum
scpa2,BPWO,PWO,S2-ELIT,30,10,6000,6000,173,258.0,2.380952380952381,True,0.0016666666666666668,138773,29235,13.085890625137836,3.13.15,2.5.1,test,medium,optimum
scpa2,BPWO,PWO,S2-ELIT,4,10,6000,6000,601,258.0,2.380952380952381,True,0.0016666666666666668,139682,29217,12.027083583176136,3.13.15,2.5.1,test,medium,optimum
scpa2,BPWO,PWO,S2-ELIT,5,10,6000,6000,2130,258.0,2.380952380952381,True,0.0016666666666666668,139313,28535,12.400231874547899,3.13.15,2.5.1,test,medium,optimum
scpa2,BPWO,PWO,S2-ELIT,6,10,6000,6000,2066,256.0,1.5873015873015872,True,0.0016666666666666668,145275,34773,12.587409707717597,3.13.15,2.5.1,test,medium,optimum
scpa2,BPWO,PWO,S2-ELIT,7,10,6000,6000,1855,258.0,2.380952380952381,True,0.0016666666666666668,139638,28869,12.442548625171185,3.13.15,2.5.1,test,medium,optimum
scpa2,BPWO,PWO,S2-ELIT,8,10,6000,6000,931,258.0,2.380952380952381,True,0.0016666666666666668,139837,29073,13.179903500247747,3.13.15,2.5.1,test,medium,optimum
scpa2,BPWO,PWO,S2-ELIT,9,10,6000,6000,391,254.0,0.7936507936507936,True,0.0016666666666666668,137802,30242,13.106014334131032,3.13.15,2.5.1,test,medium,optimum
scpa2,BPWO,PWO,V3-ELIT,0,10,6000,6000,5236,258.0,2.380952380952381,True,0.0016666666666666668,152960,29929,13.345844167284667,3.13.15,2.5.1,test,medium,optimum
scpa2,BPWO,PWO,V3-ELIT,1,10,6000,6000,125,256.0,1.5873015873015872,True,0.0016666666666666668,163041,40246,13.640989083331078,3.13.15,2.5.1,test,medium,optimum
scpa2,BPWO,PWO,V3-ELIT,10,10,6000,6000,560,258.0,2.380952380952381,True,0.0016666666666666668,152005,30643,12.828043333254755,3.13.15,2.5.1,test,medium,optimum
scpa2,BPWO,PWO,V3-ELIT,11,10,6000,6000,409,258.0,2.380952380952381,True,0.0016666666666666668,151744,30669,12.768653000239283,3.13.15,2.5.1,test,medium,optimum
scpa2,BPWO,PWO,V3-ELIT,12,10,6000,6000,222,258.0,2.380952380952381,True,0.0016666666666666668,151572,30521,12.457762375008315,3.13.15,2.5.1,test,medium,optimum
scpa2,BPWO,PWO,V3-ELIT,13,10,6000,6000,168,254.0,0.7936507936507936,True,0.0016666666666666668,150229,31802,13.025339040905237,3.13.15,2.5.1,test,medium,optimum
scpa2,BPWO,PWO,V3-ELIT,14,10,6000,6000,667,257.0,1.9841269841269842,True,0.0016666666666666668,153508,31699,13.26798779098317,3.13.15,2.5.1,test,medium,optimum
scpa2,BPWO,PWO,V3-ELIT,15,10,6000,6000,1664,258.0,2.380952380952381,True,0.0016666666666666668,151706,30123,13.06988091673702,3.13.15,2.5.1,test,medium,optimum
scpa2,BPWO,PWO,V3-ELIT,16,10,6000,6000,743,258.0,2.380952380952381,True,0.0016666666666666668,151675,30439,12.769650749862194,3.13.15,2.5.1,test,medium,optimum
scpa2,BPWO,PWO,V3-ELIT,17,10,6000,6000,597,258.0,2.380952380952381,True,0.0016666666666666668,152051,30467,12.828524540644139,3.13.15,2.5.1,test,medium,optimum
scpa2,BPWO,PWO,V3-ELIT,18,10,6000,6000,1069,258.0,2.380952380952381,True,0.0016666666666666668,151853,30483,12.703144500032067,3.13.15,2.5.1,test,medium,optimum
scpa2,BPWO,PWO,V3-ELIT,19,10,6000,6000,631,258.0,2.380952380952381,True,0.0016666666666666668,152042,30164,12.386672208085656,3.13.15,2.5.1,test,medium,optimum
scpa2,BPWO,PWO,V3-ELIT,2,10,6000,6000,336,258.0,2.380952380952381,True,0.0016666666666666668,151720,30731,13.145491917151958,3.13.15,2.5.1,test,medium,optimum
scpa2,BPWO,PWO,V3-ELIT,20,10,6000,6000,578,258.0,2.380952380952381,True,0.0016666666666666668,151908,30781,13.421212541870773,3.13.15,2.5.1,test,medium,optimum
scpa2,BPWO,PWO,V3-ELIT,21,10,6000,6000,832,257.0,1.9841269841269842,True,0.0016666666666666668,154523,32483,13.35654345806688,3.13.15,2.5.1,test,medium,optimum
scpa2,BPWO,PWO,V3-ELIT,22,10,6000,6000,205,258.0,2.380952380952381,True,0.0016666666666666668,151404,30400,13.276960249990225,3.13.15,2.5.1,test,medium,optimum
scpa2,BPWO,PWO,V3-ELIT,23,10,6000,6000,4576,258.0,2.380952380952381,True,0.0016666666666666668,152959,30127,13.170977917034179,3.13.15,2.5.1,test,medium,optimum
scpa2,BPWO,PWO,V3-ELIT,24,10,6000,6000,191,258.0,2.380952380952381,True,0.0016666666666666668,150872,30250,12.928498124703765,3.13.15,2.5.1,test,medium,optimum
scpa2,BPWO,PWO,V3-ELIT,25,10,6000,6000,5371,256.0,1.5873015873015872,True,0.0016666666666666668,157060,35188,12.251930042169988,3.13.15,2.5.1,test,medium,optimum
scpa2,BPWO,PWO,V3-ELIT,26,10,6000,6000,842,258.0,2.380952380952381,True,0.0016666666666666668,151481,30233,12.178147375117987,3.13.15,2.5.1,test,medium,optimum
scpa2,BPWO,PWO,V3-ELIT,27,10,6000,6000,254,258.0,2.380952380952381,True,0.0016666666666666668,151279,30409,12.366510624997318,3.13.15,2.5.1,test,medium,optimum
scpa2,BPWO,PWO,V3-ELIT,28,10,6000,6000,2051,258.0,2.380952380952381,True,0.0016666666666666668,152097,30418,13.24235533317551,3.13.15,2.5.1,test,medium,optimum
scpa2,BPWO,PWO,V3-ELIT,29,10,6000,6000,362,258.0,2.380952380952381,True,0.0016666666666666668,151558,30662,13.118961750064045,3.13.15,2.5.1,test,medium,optimum
scpa2,BPWO,PWO,V3-ELIT,3,10,6000,6000,1302,258.0,2.380952380952381,True,0.0016666666666666668,152394,31103,12.91057033278048,3.13.15,2.5.1,test,medium,optimum
scpa2,BPWO,PWO,V3-ELIT,30,10,6000,6000,122,258.0,2.380952380952381,True,0.0016666666666666668,151902,30638,13.081363374833018,3.13.15,2.5.1,test,medium,optimum
scpa2,BPWO,PWO,V3-ELIT,4,10,6000,6000,1018,258.0,2.380952380952381,True,0.0016666666666666668,152218,30850,12.866865708027035,3.13.15,2.5.1,test,medium,optimum
scpa2,BPWO,PWO,V3-ELIT,5,10,6000,6000,341,258.0,2.380952380952381,True,0.0016666666666666668,151839,30462,12.2288196249865,3.13.15,2.5.1,test,medium,optimum
scpa2,BPWO,PWO,V3-ELIT,6,10,6000,6000,1697,258.0,2.380952380952381,True,0.0016666666666666668,152373,30681,12.350447666831315,3.13.15,2.5.1,test,medium,optimum
scpa2,BPWO,PWO,V3-ELIT,7,10,6000,6000,511,254.0,0.7936507936507936,True,0.0016666666666666668,151013,31949,12.716623582877219,3.13.15,2.5.1,test,medium,optimum
scpa2,BPWO,PWO,V3-ELIT,8,10,6000,6000,191,258.0,2.380952380952381,True,0.0016666666666666668,151602,30563,12.93846366694197,3.13.15,2.5.1,test,medium,optimum
scpa2,BPWO,PWO,V3-ELIT,9,10,6000,6000,306,258.0,2.380952380952381,True,0.0016666666666666668,151423,30448,12.870158582925797,3.13.15,2.5.1,test,medium,optimum
scpa2,GREEDY,N/A,N/A,N/A,N/A,1,1,1,270.0,7.142857142857143,True,N/A,88,7,0.012391792144626379,3.13.15,2.5.1,test,medium,optimum
scpb2,ABLATION_IID,IID,V3-ELIT,0,10,6000,6000,52,76.0,0.0,True,0.0016666666666666668,164390,30085,17.62786416662857,3.13.15,2.5.1,test,medium,optimum
scpb2,ABLATION_IID,IID,V3-ELIT,1,10,6000,6000,61,76.0,0.0,True,0.0016666666666666668,164306,29940,18.747156832832843,3.13.15,2.5.1,test,medium,optimum
scpb2,ABLATION_IID,IID,V3-ELIT,10,10,6000,6000,31,76.0,0.0,True,0.0016666666666666668,164785,30000,18.047562667168677,3.13.15,2.5.1,test,medium,optimum
scpb2,ABLATION_IID,IID,V3-ELIT,11,10,6000,6000,44,76.0,0.0,True,0.0016666666666666668,164463,29846,17.782247916795313,3.13.15,2.5.1,test,medium,optimum
scpb2,ABLATION_IID,IID,V3-ELIT,12,10,6000,6000,34,76.0,0.0,True,0.0016666666666666668,164545,29954,17.77840383304283,3.13.15,2.5.1,test,medium,optimum
scpb2,ABLATION_IID,IID,V3-ELIT,13,10,6000,6000,32,76.0,0.0,True,0.0016666666666666668,163678,29758,19.912624790798873,3.13.15,2.5.1,test,medium,optimum
scpb2,ABLATION_IID,IID,V3-ELIT,14,10,6000,6000,23,76.0,0.0,True,0.0016666666666666668,164484,30056,18.546761417295784,3.13.15,2.5.1,test,medium,optimum
scpb2,ABLATION_IID,IID,V3-ELIT,15,10,6000,6000,44,76.0,0.0,True,0.0016666666666666668,164113,29771,17.978680500295013,3.13.15,2.5.1,test,medium,optimum
scpb2,ABLATION_IID,IID,V3-ELIT,16,10,6000,6000,31,76.0,0.0,True,0.0016666666666666668,164619,30112,17.50261658290401,3.13.15,2.5.1,test,medium,optimum
scpb2,ABLATION_IID,IID,V3-ELIT,17,10,6000,6000,31,76.0,0.0,True,0.0016666666666666668,164153,30063,18.636750333942473,3.13.15,2.5.1,test,medium,optimum
scpb2,ABLATION_IID,IID,V3-ELIT,18,10,6000,6000,42,76.0,0.0,True,0.0016666666666666668,163424,29895,17.635126083157957,3.13.15,2.5.1,test,medium,optimum
scpb2,ABLATION_IID,IID,V3-ELIT,19,10,6000,6000,31,76.0,0.0,True,0.0016666666666666668,164194,29870,17.553860417101532,3.13.15,2.5.1,test,medium,optimum
scpb2,ABLATION_IID,IID,V3-ELIT,2,10,6000,6000,47,76.0,0.0,True,0.0016666666666666668,163950,30124,19.380382124800235,3.13.15,2.5.1,test,medium,optimum
scpb2,ABLATION_IID,IID,V3-ELIT,20,10,6000,6000,39,76.0,0.0,True,0.0016666666666666668,164776,30200,17.775261333212256,3.13.15,2.5.1,test,medium,optimum
scpb2,ABLATION_IID,IID,V3-ELIT,21,10,6000,6000,38,76.0,0.0,True,0.0016666666666666668,164409,30042,18.762893582694232,3.13.15,2.5.1,test,medium,optimum
scpb2,ABLATION_IID,IID,V3-ELIT,22,10,6000,6000,37,76.0,0.0,True,0.0016666666666666668,164137,29843,19.035456582903862,3.13.15,2.5.1,test,medium,optimum
scpb2,ABLATION_IID,IID,V3-ELIT,23,10,6000,6000,48,76.0,0.0,True,0.0016666666666666668,164515,30184,18.238338542170823,3.13.15,2.5.1,test,medium,optimum
scpb2,ABLATION_IID,IID,V3-ELIT,24,10,6000,6000,31,76.0,0.0,True,0.0016666666666666668,164376,30010,18.25069566676393,3.13.15,2.5.1,test,medium,optimum
scpb2,ABLATION_IID,IID,V3-ELIT,25,10,6000,6000,31,76.0,0.0,True,0.0016666666666666668,165003,30199,20.213748208247125,3.13.15,2.5.1,test,medium,optimum
scpb2,ABLATION_IID,IID,V3-ELIT,26,10,6000,6000,64,76.0,0.0,True,0.0016666666666666668,164144,29816,18.23165287496522,3.13.15,2.5.1,test,medium,optimum
scpb2,ABLATION_IID,IID,V3-ELIT,27,10,6000,6000,40,76.0,0.0,True,0.0016666666666666668,164652,29912,18.63295904127881,3.13.15,2.5.1,test,medium,optimum
scpb2,ABLATION_IID,IID,V3-ELIT,28,10,6000,6000,55,76.0,0.0,True,0.0016666666666666668,164758,30040,17.897722207941115,3.13.15,2.5.1,test,medium,optimum
scpb2,ABLATION_IID,IID,V3-ELIT,29,10,6000,6000,40,76.0,0.0,True,0.0016666666666666668,164562,30011,19.057477790862322,3.13.15,2.5.1,test,medium,optimum
scpb2,ABLATION_IID,IID,V3-ELIT,3,10,6000,6000,52,76.0,0.0,True,0.0016666666666666668,164600,30199,18.278563083149493,3.13.15,2.5.1,test,medium,optimum
scpb2,ABLATION_IID,IID,V3-ELIT,30,10,6000,6000,54,76.0,0.0,True,0.0016666666666666668,164400,30183,18.55970637500286,3.13.15,2.5.1,test,medium,optimum
scpb2,ABLATION_IID,IID,V3-ELIT,4,10,6000,6000,53,76.0,0.0,True,0.0016666666666666668,164631,30124,18.22664637491107,3.13.15,2.5.1,test,medium,optimum
scpb2,ABLATION_IID,IID,V3-ELIT,5,10,6000,6000,42,76.0,0.0,True,0.0016666666666666668,165178,30065,19.3404306252487,3.13.15,2.5.1,test,medium,optimum
scpb2,ABLATION_IID,IID,V3-ELIT,6,10,6000,6000,34,76.0,0.0,True,0.0016666666666666668,164429,30181,17.76329654129222,3.13.15,2.5.1,test,medium,optimum
scpb2,ABLATION_IID,IID,V3-ELIT,7,10,6000,6000,30,76.0,0.0,True,0.0016666666666666668,164538,30105,17.76162745896727,3.13.15,2.5.1,test,medium,optimum
scpb2,ABLATION_IID,IID,V3-ELIT,8,10,6000,6000,41,76.0,0.0,True,0.0016666666666666668,164362,30109,18.23274870822206,3.13.15,2.5.1,test,medium,optimum
scpb2,ABLATION_IID,IID,V3-ELIT,9,10,6000,6000,40,76.0,0.0,True,0.0016666666666666668,164102,30045,18.311495332978666,3.13.15,2.5.1,test,medium,optimum
scpb2,BGWO,REFERENCE,V3-ELIT,0,10,6000,6000,62,76.0,0.0,True,0.0016666666666666668,85024,22822,11.731510167010128,3.13.15,2.5.1,test,medium,optimum
scpb2,BGWO,REFERENCE,V3-ELIT,1,10,6000,6000,54,76.0,0.0,True,0.0016666666666666668,84659,22885,11.561097875237465,3.13.15,2.5.1,test,medium,optimum
scpb2,BGWO,REFERENCE,V3-ELIT,10,10,6000,6000,64,76.0,0.0,True,0.0016666666666666668,84314,22784,12.84288266627118,3.13.15,2.5.1,test,medium,optimum
scpb2,BGWO,REFERENCE,V3-ELIT,11,10,6000,6000,70,76.0,0.0,True,0.0016666666666666668,84606,22813,13.140595416072756,3.13.15,2.5.1,test,medium,optimum
scpb2,BGWO,REFERENCE,V3-ELIT,12,10,6000,6000,82,76.0,0.0,True,0.0016666666666666668,84370,22780,13.234207625035197,3.13.15,2.5.1,test,medium,optimum
scpb2,BGWO,REFERENCE,V3-ELIT,13,10,6000,6000,51,76.0,0.0,True,0.0016666666666666668,84607,22984,11.018241500016302,3.13.15,2.5.1,test,medium,optimum
scpb2,BGWO,REFERENCE,V3-ELIT,14,10,6000,6000,99,76.0,0.0,True,0.0016666666666666668,84749,22745,12.434740875381976,3.13.15,2.5.1,test,medium,optimum
scpb2,BGWO,REFERENCE,V3-ELIT,15,10,6000,6000,41,76.0,0.0,True,0.0016666666666666668,84526,22773,12.146875374950469,3.13.15,2.5.1,test,medium,optimum
scpb2,BGWO,REFERENCE,V3-ELIT,16,10,6000,6000,66,76.0,0.0,True,0.0016666666666666668,84783,22848,13.020248333923519,3.13.15,2.5.1,test,medium,optimum
scpb2,BGWO,REFERENCE,V3-ELIT,17,10,6000,6000,148,76.0,0.0,True,0.0016666666666666668,84140,22655,11.740516915917397,3.13.15,2.5.1,test,medium,optimum
scpb2,BGWO,REFERENCE,V3-ELIT,18,10,6000,6000,71,76.0,0.0,True,0.0016666666666666668,84434,22734,12.624363709241152,3.13.15,2.5.1,test,medium,optimum
scpb2,BGWO,REFERENCE,V3-ELIT,19,10,6000,6000,94,76.0,0.0,True,0.0016666666666666668,84973,22738,13.037419166881591,3.13.15,2.5.1,test,medium,optimum
scpb2,BGWO,REFERENCE,V3-ELIT,2,10,6000,6000,53,76.0,0.0,True,0.0016666666666666668,84467,22754,11.92286029132083,3.13.15,2.5.1,test,medium,optimum
scpb2,BGWO,REFERENCE,V3-ELIT,20,10,6000,6000,71,76.0,0.0,True,0.0016666666666666668,85281,22727,13.136676459107548,3.13.15,2.5.1,test,medium,optimum
scpb2,BGWO,REFERENCE,V3-ELIT,21,10,6000,6000,107,76.0,0.0,True,0.0016666666666666668,85043,22843,11.585682624951005,3.13.15,2.5.1,test,medium,optimum
scpb2,BGWO,REFERENCE,V3-ELIT,22,10,6000,6000,114,76.0,0.0,True,0.0016666666666666668,84939,22993,11.781529542058706,3.13.15,2.5.1,test,medium,optimum
scpb2,BGWO,REFERENCE,V3-ELIT,23,10,6000,6000,143,76.0,0.0,True,0.0016666666666666668,85194,22786,12.996336666867137,3.13.15,2.5.1,test,medium,optimum
scpb2,BGWO,REFERENCE,V3-ELIT,24,10,6000,6000,31,76.0,0.0,True,0.0016666666666666668,84768,22804,13.028688750229776,3.13.15,2.5.1,test,medium,optimum
scpb2,BGWO,REFERENCE,V3-ELIT,25,10,6000,6000,33,76.0,0.0,True,0.0016666666666666668,85051,22933,11.201743625104427,3.13.15,2.5.1,test,medium,optimum
scpb2,BGWO,REFERENCE,V3-ELIT,26,10,6000,6000,102,76.0,0.0,True,0.0016666666666666668,84083,22655,12.639005166944116,3.13.15,2.5.1,test,medium,optimum
scpb2,BGWO,REFERENCE,V3-ELIT,27,10,6000,6000,58,76.0,0.0,True,0.0016666666666666668,84394,22901,12.822686000261456,3.13.15,2.5.1,test,medium,optimum
scpb2,BGWO,REFERENCE,V3-ELIT,28,10,6000,6000,68,76.0,0.0,True,0.0016666666666666668,84655,22541,13.38021962530911,3.13.15,2.5.1,test,medium,optimum
scpb2,BGWO,REFERENCE,V3-ELIT,29,10,6000,6000,60,76.0,0.0,True,0.0016666666666666668,84637,23096,12.139631500001997,3.13.15,2.5.1,test,medium,optimum
scpb2,BGWO,REFERENCE,V3-ELIT,3,10,6000,6000,63,76.0,0.0,True,0.0016666666666666668,84731,22737,12.745203583035618,3.13.15,2.5.1,test,medium,optimum
scpb2,BGWO,REFERENCE,V3-ELIT,30,10,6000,6000,146,76.0,0.0,True,0.0016666666666666668,84885,22807,13.137610834091902,3.13.15,2.5.1,test,medium,optimum
scpb2,BGWO,REFERENCE,V3-ELIT,4,10,6000,6000,154,76.0,0.0,True,0.0016666666666666668,84740,22696,12.896897666156292,3.13.15,2.5.1,test,medium,optimum
scpb2,BGWO,REFERENCE,V3-ELIT,5,10,6000,6000,92,76.0,0.0,True,0.0016666666666666668,84739,22832,11.682945334352553,3.13.15,2.5.1,test,medium,optimum
scpb2,BGWO,REFERENCE,V3-ELIT,6,10,6000,6000,1072,76.0,0.0,True,0.0016666666666666668,85585,22909,12.604856209363788,3.13.15,2.5.1,test,medium,optimum
scpb2,BGWO,REFERENCE,V3-ELIT,7,10,6000,6000,75,76.0,0.0,True,0.0016666666666666668,84970,22810,12.878817583899945,3.13.15,2.5.1,test,medium,optimum
scpb2,BGWO,REFERENCE,V3-ELIT,8,10,6000,6000,67,76.0,0.0,True,0.0016666666666666668,84331,22737,12.600831790827215,3.13.15,2.5.1,test,medium,optimum
scpb2,BGWO,REFERENCE,V3-ELIT,9,10,6000,6000,22,76.0,0.0,True,0.0016666666666666668,84528,23123,11.402224374935031,3.13.15,2.5.1,test,medium,optimum
scpb2,BPSO,REFERENCE,V3-ELIT,0,10,6000,6000,28,76.0,0.0,True,0.0016666666666666668,259076,45271,27.301216458901763,3.13.15,2.5.1,test,medium,optimum
scpb2,BPSO,REFERENCE,V3-ELIT,1,10,6000,6000,24,76.0,0.0,True,0.0016666666666666668,259580,45329,27.767554000020027,3.13.15,2.5.1,test,medium,optimum
scpb2,BPSO,REFERENCE,V3-ELIT,10,10,6000,6000,29,76.0,0.0,True,0.0016666666666666668,259287,45272,27.17308612493798,3.13.15,2.5.1,test,medium,optimum
scpb2,BPSO,REFERENCE,V3-ELIT,11,10,6000,6000,23,76.0,0.0,True,0.0016666666666666668,259735,45356,27.220270792022347,3.13.15,2.5.1,test,medium,optimum
scpb2,BPSO,REFERENCE,V3-ELIT,12,10,6000,6000,57,76.0,0.0,True,0.0016666666666666668,259993,45420,27.491046375129372,3.13.15,2.5.1,test,medium,optimum
scpb2,BPSO,REFERENCE,V3-ELIT,13,10,6000,6000,29,76.0,0.0,True,0.0016666666666666668,260273,45415,27.25394183397293,3.13.15,2.5.1,test,medium,optimum
scpb2,BPSO,REFERENCE,V3-ELIT,14,10,6000,6000,29,76.0,0.0,True,0.0016666666666666668,260300,45515,26.985297291073948,3.13.15,2.5.1,test,medium,optimum
scpb2,BPSO,REFERENCE,V3-ELIT,15,10,6000,6000,44,76.0,0.0,True,0.0016666666666666668,259905,45426,27.57306991610676,3.13.15,2.5.1,test,medium,optimum
scpb2,BPSO,REFERENCE,V3-ELIT,16,10,6000,6000,28,76.0,0.0,True,0.0016666666666666668,259904,45529,27.69589800015092,3.13.15,2.5.1,test,medium,optimum
scpb2,BPSO,REFERENCE,V3-ELIT,17,10,6000,6000,33,76.0,0.0,True,0.0016666666666666668,260413,45495,27.379878625273705,3.13.15,2.5.1,test,medium,optimum
scpb2,BPSO,REFERENCE,V3-ELIT,18,10,6000,6000,28,76.0,0.0,True,0.0016666666666666668,260163,45296,27.42828783299774,3.13.15,2.5.1,test,medium,optimum
scpb2,BPSO,REFERENCE,V3-ELIT,19,10,6000,6000,29,76.0,0.0,True,0.0016666666666666668,259745,45246,27.39257408399135,3.13.15,2.5.1,test,medium,optimum
scpb2,BPSO,REFERENCE,V3-ELIT,2,10,6000,6000,43,76.0,0.0,True,0.0016666666666666668,259957,45266,26.95952441683039,3.13.15,2.5.1,test,medium,optimum
scpb2,BPSO,REFERENCE,V3-ELIT,20,10,6000,6000,21,76.0,0.0,True,0.0016666666666666668,259568,45339,27.301547541748732,3.13.15,2.5.1,test,medium,optimum
scpb2,BPSO,REFERENCE,V3-ELIT,21,10,6000,6000,22,76.0,0.0,True,0.0016666666666666668,260522,45576,28.206738583743572,3.13.15,2.5.1,test,medium,optimum
scpb2,BPSO,REFERENCE,V3-ELIT,22,10,6000,6000,25,76.0,0.0,True,0.0016666666666666668,259866,45423,27.46809633402154,3.13.15,2.5.1,test,medium,optimum
scpb2,BPSO,REFERENCE,V3-ELIT,23,10,6000,6000,26,76.0,0.0,True,0.0016666666666666668,260125,45292,27.482536250259727,3.13.15,2.5.1,test,medium,optimum
scpb2,BPSO,REFERENCE,V3-ELIT,24,10,6000,6000,26,76.0,0.0,True,0.0016666666666666668,260388,45420,27.819941708352417,3.13.15,2.5.1,test,medium,optimum
scpb2,BPSO,REFERENCE,V3-ELIT,25,10,6000,6000,23,76.0,0.0,True,0.0016666666666666668,259151,45515,27.14694945793599,3.13.15,2.5.1,test,medium,optimum
scpb2,BPSO,REFERENCE,V3-ELIT,26,10,6000,6000,27,76.0,0.0,True,0.0016666666666666668,259538,45257,27.277800041250885,3.13.15,2.5.1,test,medium,optimum
scpb2,BPSO,REFERENCE,V3-ELIT,27,10,6000,6000,27,76.0,0.0,True,0.0016666666666666668,259863,45550,26.37604674976319,3.13.15,2.5.1,test,medium,optimum
scpb2,BPSO,REFERENCE,V3-ELIT,28,10,6000,6000,32,76.0,0.0,True,0.0016666666666666668,259646,45178,27.374297374859452,3.13.15,2.5.1,test,medium,optimum
scpb2,BPSO,REFERENCE,V3-ELIT,29,10,6000,6000,21,76.0,0.0,True,0.0016666666666666668,259884,45740,28.59214491629973,3.13.15,2.5.1,test,medium,optimum
scpb2,BPSO,REFERENCE,V3-ELIT,3,10,6000,6000,28,76.0,0.0,True,0.0016666666666666668,259854,45464,27.277863583993167,3.13.15,2.5.1,test,medium,optimum
scpb2,BPSO,REFERENCE,V3-ELIT,30,10,6000,6000,24,76.0,0.0,True,0.0016666666666666668,259806,45461,28.394378500059247,3.13.15,2.5.1,test,medium,optimum
scpb2,BPSO,REFERENCE,V3-ELIT,4,10,6000,6000,31,76.0,0.0,True,0.0016666666666666668,259093,45192,27.365183874964714,3.13.15,2.5.1,test,medium,optimum
scpb2,BPSO,REFERENCE,V3-ELIT,5,10,6000,6000,41,76.0,0.0,True,0.0016666666666666668,259438,45377,26.673352709040046,3.13.15,2.5.1,test,medium,optimum
scpb2,BPSO,REFERENCE,V3-ELIT,6,10,6000,6000,26,76.0,0.0,True,0.0016666666666666668,259745,45505,27.347748917061836,3.13.15,2.5.1,test,medium,optimum
scpb2,BPSO,REFERENCE,V3-ELIT,7,10,6000,6000,23,76.0,0.0,True,0.0016666666666666668,259889,45502,27.112224250100553,3.13.15,2.5.1,test,medium,optimum
scpb2,BPSO,REFERENCE,V3-ELIT,8,10,6000,6000,27,76.0,0.0,True,0.0016666666666666668,259690,45270,27.177529332693666,3.13.15,2.5.1,test,medium,optimum
scpb2,BPSO,REFERENCE,V3-ELIT,9,10,6000,6000,30,76.0,0.0,True,0.0016666666666666668,260077,45662,27.55125533323735,3.13.15,2.5.1,test,medium,optimum
scpb2,BPWO,PWO,S2-ELIT,0,10,6000,6000,130,76.0,0.0,True,0.0016666666666666668,74131,21834,11.53299016598612,3.13.15,2.5.1,test,medium,optimum
scpb2,BPWO,PWO,S2-ELIT,1,10,6000,6000,54,76.0,0.0,True,0.0016666666666666668,74562,21921,11.768696916755289,3.13.15,2.5.1,test,medium,optimum
scpb2,BPWO,PWO,S2-ELIT,10,10,6000,6000,58,76.0,0.0,True,0.0016666666666666668,74390,21756,12.165358624886721,3.13.15,2.5.1,test,medium,optimum
scpb2,BPWO,PWO,S2-ELIT,11,10,6000,6000,52,76.0,0.0,True,0.0016666666666666668,73735,21629,12.021162417251617,3.13.15,2.5.1,test,medium,optimum
scpb2,BPWO,PWO,S2-ELIT,12,10,6000,6000,254,76.0,0.0,True,0.0016666666666666668,74924,21866,12.043493292294443,3.13.15,2.5.1,test,medium,optimum
scpb2,BPWO,PWO,S2-ELIT,13,10,6000,6000,83,76.0,0.0,True,0.0016666666666666668,74619,21708,11.509427665732801,3.13.15,2.5.1,test,medium,optimum
scpb2,BPWO,PWO,S2-ELIT,14,10,6000,6000,161,76.0,0.0,True,0.0016666666666666668,74394,21727,10.749844834208488,3.13.15,2.5.1,test,medium,optimum
scpb2,BPWO,PWO,S2-ELIT,15,10,6000,6000,112,76.0,0.0,True,0.0016666666666666668,73978,21624,11.738149917218834,3.13.15,2.5.1,test,medium,optimum
scpb2,BPWO,PWO,S2-ELIT,16,10,6000,6000,62,76.0,0.0,True,0.0016666666666666668,74221,21706,11.633471458684653,3.13.15,2.5.1,test,medium,optimum
scpb2,BPWO,PWO,S2-ELIT,17,10,6000,6000,64,76.0,0.0,True,0.0016666666666666668,74405,21766,11.297761041205376,3.13.15,2.5.1,test,medium,optimum
scpb2,BPWO,PWO,S2-ELIT,18,10,6000,6000,57,76.0,0.0,True,0.0016666666666666668,74338,21837,12.016422749962658,3.13.15,2.5.1,test,medium,optimum
scpb2,BPWO,PWO,S2-ELIT,19,10,6000,6000,46,76.0,0.0,True,0.0016666666666666668,74495,21651,11.538631665986031,3.13.15,2.5.1,test,medium,optimum
scpb2,BPWO,PWO,S2-ELIT,2,10,6000,6000,613,76.0,0.0,True,0.0016666666666666668,74948,22038,12.11178974993527,3.13.15,2.5.1,test,medium,optimum
scpb2,BPWO,PWO,S2-ELIT,20,10,6000,6000,43,76.0,0.0,True,0.0016666666666666668,74028,21728,10.789884082973003,3.13.15,2.5.1,test,medium,optimum
scpb2,BPWO,PWO,S2-ELIT,21,10,6000,6000,101,76.0,0.0,True,0.0018333333333333333,74620,21760,11.543389874976128,3.13.15,2.5.1,test,medium,optimum
scpb2,BPWO,PWO,S2-ELIT,22,10,6000,6000,152,76.0,0.0,True,0.0016666666666666668,74371,21785,11.52893383288756,3.13.15,2.5.1,test,medium,optimum
scpb2,BPWO,PWO,S2-ELIT,23,10,6000,6000,52,76.0,0.0,True,0.0016666666666666668,74225,21951,11.508685083128512,3.13.15,2.5.1,test,medium,optimum
scpb2,BPWO,PWO,S2-ELIT,24,10,6000,6000,26,76.0,0.0,True,0.0016666666666666668,74717,21906,11.56520470790565,3.13.15,2.5.1,test,medium,optimum
scpb2,BPWO,PWO,S2-ELIT,25,10,6000,6000,71,76.0,0.0,True,0.0016666666666666668,74632,21716,10.574803167022765,3.13.15,2.5.1,test,medium,optimum
scpb2,BPWO,PWO,S2-ELIT,26,10,6000,6000,74,76.0,0.0,True,0.0016666666666666668,74719,21688,11.903917375020683,3.13.15,2.5.1,test,medium,optimum
scpb2,BPWO,PWO,S2-ELIT,27,10,6000,6000,52,76.0,0.0,True,0.0016666666666666668,73572,21552,11.02032837504521,3.13.15,2.5.1,test,medium,optimum
scpb2,BPWO,PWO,S2-ELIT,28,10,6000,6000,53,76.0,0.0,True,0.0016666666666666668,74257,21719,11.629399832803756,3.13.15,2.5.1,test,medium,optimum
scpb2,BPWO,PWO,S2-ELIT,29,10,6000,6000,73,76.0,0.0,True,0.0016666666666666668,74048,21718,11.431735042016953,3.13.15,2.5.1,test,medium,optimum
scpb2,BPWO,PWO,S2-ELIT,3,10,6000,6000,38,78.0,2.6315789473684212,True,0.0016666666666666668,78541,22490,12.073849457781762,3.13.15,2.5.1,test,medium,optimum
scpb2,BPWO,PWO,S2-ELIT,30,10,6000,6000,53,76.0,0.0,True,0.0016666666666666668,74809,22085,12.215676291845739,3.13.15,2.5.1,test,medium,optimum
scpb2,BPWO,PWO,S2-ELIT,4,10,6000,6000,55,76.0,0.0,True,0.0016666666666666668,74295,21710,11.827739417087287,3.13.15,2.5.1,test,medium,optimum
scpb2,BPWO,PWO,S2-ELIT,5,10,6000,6000,35,76.0,0.0,True,0.0016666666666666668,74092,21619,10.590686290990561,3.13.15,2.5.1,test,medium,optimum
scpb2,BPWO,PWO,S2-ELIT,6,10,6000,6000,34,76.0,0.0,True,0.0016666666666666668,73919,21732,11.928218374960124,3.13.15,2.5.1,test,medium,optimum
scpb2,BPWO,PWO,S2-ELIT,7,10,6000,6000,65,76.0,0.0,True,0.0016666666666666668,74202,21574,11.12853204086423,3.13.15,2.5.1,test,medium,optimum
scpb2,BPWO,PWO,S2-ELIT,8,10,6000,6000,95,76.0,0.0,True,0.0016666666666666668,74118,21810,11.942789250053465,3.13.15,2.5.1,test,medium,optimum
scpb2,BPWO,PWO,S2-ELIT,9,10,6000,6000,42,76.0,0.0,True,0.0016666666666666668,74423,21839,11.509223792236298,3.13.15,2.5.1,test,medium,optimum
scpb2,BPWO,PWO,V3-ELIT,0,10,6000,6000,111,76.0,0.0,True,0.0016666666666666668,80690,22237,11.973358375020325,3.13.15,2.5.1,test,medium,optimum
scpb2,BPWO,PWO,V3-ELIT,1,10,6000,6000,47,76.0,0.0,True,0.0016666666666666668,80569,22569,12.236196625046432,3.13.15,2.5.1,test,medium,optimum
scpb2,BPWO,PWO,V3-ELIT,10,10,6000,6000,66,76.0,0.0,True,0.0016666666666666668,80961,22481,11.558304290752858,3.13.15,2.5.1,test,medium,optimum
scpb2,BPWO,PWO,V3-ELIT,11,10,6000,6000,164,76.0,0.0,True,0.0016666666666666668,81468,22414,11.569421332795173,3.13.15,2.5.1,test,medium,optimum
scpb2,BPWO,PWO,V3-ELIT,12,10,6000,6000,66,76.0,0.0,True,0.0016666666666666668,86593,24128,11.829599583055824,3.13.15,2.5.1,test,medium,optimum
scpb2,BPWO,PWO,V3-ELIT,13,10,6000,6000,78,76.0,0.0,True,0.0016666666666666668,80774,22381,11.30000966694206,3.13.15,2.5.1,test,medium,optimum
scpb2,BPWO,PWO,V3-ELIT,14,10,6000,6000,48,76.0,0.0,True,0.0016666666666666668,80794,22503,12.034689291846007,3.13.15,2.5.1,test,medium,optimum
scpb2,BPWO,PWO,V3-ELIT,15,10,6000,6000,80,76.0,0.0,True,0.0016666666666666668,81134,22241,11.748714624904096,3.13.15,2.5.1,test,medium,optimum
scpb2,BPWO,PWO,V3-ELIT,16,10,6000,6000,54,76.0,0.0,True,0.0016666666666666668,81038,22413,12.169801792129874,3.13.15,2.5.1,test,medium,optimum
scpb2,BPWO,PWO,V3-ELIT,17,10,6000,6000,60,76.0,0.0,True,0.0016666666666666668,80994,22480,12.342450791969895,3.13.15,2.5.1,test,medium,optimum
scpb2,BPWO,PWO,V3-ELIT,18,10,6000,6000,65,76.0,0.0,True,0.0016666666666666668,80232,22248,11.889589958824217,3.13.15,2.5.1,test,medium,optimum
scpb2,BPWO,PWO,V3-ELIT,19,10,6000,6000,131,76.0,0.0,True,0.0016666666666666668,81061,22272,11.89293958293274,3.13.15,2.5.1,test,medium,optimum
scpb2,BPWO,PWO,V3-ELIT,2,10,6000,6000,63,76.0,0.0,True,0.0016666666666666668,80735,22446,10.908498500008136,3.13.15,2.5.1,test,medium,optimum
scpb2,BPWO,PWO,V3-ELIT,20,10,6000,6000,71,76.0,0.0,True,0.0016666666666666668,80907,22413,11.71911458298564,3.13.15,2.5.1,test,medium,optimum
scpb2,BPWO,PWO,V3-ELIT,21,10,6000,6000,102,76.0,0.0,True,0.0016666666666666668,80684,22423,11.720082374755293,3.13.15,2.5.1,test,medium,optimum
scpb2,BPWO,PWO,V3-ELIT,22,10,6000,6000,54,76.0,0.0,True,0.0016666666666666668,81098,22244,10.844709415920079,3.13.15,2.5.1,test,medium,optimum
scpb2,BPWO,PWO,V3-ELIT,23,10,6000,6000,1807,76.0,0.0,True,0.0016666666666666668,82005,22617,11.62017433391884,3.13.15,2.5.1,test,medium,optimum
scpb2,BPWO,PWO,V3-ELIT,24,10,6000,6000,136,76.0,0.0,True,0.0016666666666666668,80996,22474,11.52469495870173,3.13.15,2.5.1,test,medium,optimum
scpb2,BPWO,PWO,V3-ELIT,25,10,6000,6000,220,76.0,0.0,True,0.0016666666666666668,80839,22274,12.19854895863682,3.13.15,2.5.1,test,medium,optimum
scpb2,BPWO,PWO,V3-ELIT,26,10,6000,6000,71,76.0,0.0,True,0.0016666666666666668,81167,22271,12.596953082829714,3.13.15,2.5.1,test,medium,optimum
scpb2,BPWO,PWO,V3-ELIT,27,10,6000,6000,48,76.0,0.0,True,0.0016666666666666668,81037,22260,12.155226749833673,3.13.15,2.5.1,test,medium,optimum
scpb2,BPWO,PWO,V3-ELIT,28,10,6000,6000,58,76.0,0.0,True,0.0016666666666666668,80770,22348,12.48988570831716,3.13.15,2.5.1,test,medium,optimum
scpb2,BPWO,PWO,V3-ELIT,29,10,6000,6000,95,76.0,0.0,True,0.0016666666666666668,81100,22680,12.54841620894149,3.13.15,2.5.1,test,medium,optimum
scpb2,BPWO,PWO,V3-ELIT,3,10,6000,6000,94,76.0,0.0,True,0.0016666666666666668,80981,22546,11.636328208260238,3.13.15,2.5.1,test,medium,optimum
scpb2,BPWO,PWO,V3-ELIT,30,10,6000,6000,87,76.0,0.0,True,0.0016666666666666668,81100,22613,12.124974416103214,3.13.15,2.5.1,test,medium,optimum
scpb2,BPWO,PWO,V3-ELIT,4,10,6000,6000,93,76.0,0.0,True,0.0016666666666666668,80978,22536,11.685647584032267,3.13.15,2.5.1,test,medium,optimum
scpb2,BPWO,PWO,V3-ELIT,5,10,6000,6000,82,76.0,0.0,True,0.0016666666666666668,80793,22298,12.18628841638565,3.13.15,2.5.1,test,medium,optimum
scpb2,BPWO,PWO,V3-ELIT,6,10,6000,6000,317,76.0,0.0,True,0.0016666666666666668,80716,22473,12.009968833997846,3.13.15,2.5.1,test,medium,optimum
scpb2,BPWO,PWO,V3-ELIT,7,10,6000,6000,64,76.0,0.0,True,0.0016666666666666668,80548,22336,11.874023040756583,3.13.15,2.5.1,test,medium,optimum
scpb2,BPWO,PWO,V3-ELIT,8,10,6000,6000,125,76.0,0.0,True,0.0016666666666666668,80688,22520,10.88833300024271,3.13.15,2.5.1,test,medium,optimum
scpb2,BPWO,PWO,V3-ELIT,9,10,6000,6000,61,76.0,0.0,True,0.0016666666666666668,80640,22304,12.435025291983038,3.13.15,2.5.1,test,medium,optimum
scpb2,GREEDY,N/A,N/A,N/A,N/A,1,1,1,78.0,2.6315789473684212,True,N/A,47,5,0.006192541681230068,3.13.15,2.5.1,test,medium,optimum
scpc2,ABLATION_IID,IID,V3-ELIT,0,10,6000,6000,191,221.0,0.91324200913242,True,0.0016666666666666668,369964,89694,38.501179417129606,3.13.15,2.5.1,test,large,optimum
scpc2,ABLATION_IID,IID,V3-ELIT,1,10,6000,6000,115,221.0,0.91324200913242,True,0.0016666666666666668,370397,90440,38.24479283392429,3.13.15,2.5.1,test,large,optimum
scpc2,ABLATION_IID,IID,V3-ELIT,10,10,6000,6000,126,221.0,0.91324200913242,True,0.0016666666666666668,370256,90628,35.900797833222896,3.13.15,2.5.1,test,large,optimum
scpc2,ABLATION_IID,IID,V3-ELIT,11,10,6000,6000,91,221.0,0.91324200913242,True,0.0016666666666666668,363185,84026,36.79959212522954,3.13.15,2.5.1,test,large,optimum
scpc2,ABLATION_IID,IID,V3-ELIT,12,10,6000,6000,64,221.0,0.91324200913242,True,0.0016666666666666668,371781,90794,38.06849795812741,3.13.15,2.5.1,test,large,optimum
scpc2,ABLATION_IID,IID,V3-ELIT,13,10,6000,6000,321,221.0,0.91324200913242,True,0.0016666666666666668,371049,90501,37.80490762507543,3.13.15,2.5.1,test,large,optimum
scpc2,ABLATION_IID,IID,V3-ELIT,14,10,6000,6000,51,221.0,0.91324200913242,True,0.0016666666666666668,371092,90452,36.08297579083592,3.13.15,2.5.1,test,large,optimum
scpc2,ABLATION_IID,IID,V3-ELIT,15,10,6000,6000,42,221.0,0.91324200913242,True,0.0016666666666666668,368698,88914,36.82681699981913,3.13.15,2.5.1,test,large,optimum
scpc2,ABLATION_IID,IID,V3-ELIT,16,10,6000,6000,107,221.0,0.91324200913242,True,0.0016666666666666668,371652,91289,38.08238258259371,3.13.15,2.5.1,test,large,optimum
scpc2,ABLATION_IID,IID,V3-ELIT,17,10,6000,6000,111,221.0,0.91324200913242,True,0.0016666666666666668,370516,90454,37.57240420766175,3.13.15,2.5.1,test,large,optimum
scpc2,ABLATION_IID,IID,V3-ELIT,18,10,6000,6000,69,221.0,0.91324200913242,True,0.0016666666666666668,370469,89959,36.614194999914616,3.13.15,2.5.1,test,large,optimum
scpc2,ABLATION_IID,IID,V3-ELIT,19,10,6000,6000,478,221.0,0.91324200913242,True,0.0016666666666666668,362715,83984,36.55904099997133,3.13.15,2.5.1,test,large,optimum
scpc2,ABLATION_IID,IID,V3-ELIT,2,10,6000,6000,64,221.0,0.91324200913242,True,0.0016666666666666668,369479,89836,37.66206691600382,3.13.15,2.5.1,test,large,optimum
scpc2,ABLATION_IID,IID,V3-ELIT,20,10,6000,6000,81,220.0,0.45662100456621,True,0.0016666666666666668,367627,88304,37.617055874783546,3.13.15,2.5.1,test,large,optimum
scpc2,ABLATION_IID,IID,V3-ELIT,21,10,6000,6000,392,221.0,0.91324200913242,True,0.0016666666666666668,366822,87211,37.43791999993846,3.13.15,2.5.1,test,large,optimum
scpc2,ABLATION_IID,IID,V3-ELIT,22,10,6000,6000,188,221.0,0.91324200913242,True,0.0016666666666666668,370353,90371,36.310494792182,3.13.15,2.5.1,test,large,optimum
scpc2,ABLATION_IID,IID,V3-ELIT,23,10,6000,6000,42,221.0,0.91324200913242,True,0.0016666666666666668,370519,90355,36.72802675003186,3.13.15,2.5.1,test,large,optimum
scpc2,ABLATION_IID,IID,V3-ELIT,24,10,6000,6000,86,221.0,0.91324200913242,True,0.0016666666666666668,370970,90486,38.080560917034745,3.13.15,2.5.1,test,large,optimum
scpc2,ABLATION_IID,IID,V3-ELIT,25,10,6000,6000,486,221.0,0.91324200913242,True,0.0016666666666666668,370574,90374,37.2734188339673,3.13.15,2.5.1,test,large,optimum
scpc2,ABLATION_IID,IID,V3-ELIT,26,10,6000,6000,59,221.0,0.91324200913242,True,0.0016666666666666668,370376,90011,35.83462545927614,3.13.15,2.5.1,test,large,optimum
scpc2,ABLATION_IID,IID,V3-ELIT,27,10,6000,6000,98,221.0,0.91324200913242,True,0.0016666666666666668,369918,90028,36.11240970902145,3.13.15,2.5.1,test,large,optimum
scpc2,ABLATION_IID,IID,V3-ELIT,28,10,6000,6000,161,221.0,0.91324200913242,True,0.0016666666666666668,370281,90733,38.947937999852,3.13.15,2.5.1,test,large,optimum
scpc2,ABLATION_IID,IID,V3-ELIT,29,10,6000,6000,107,221.0,0.91324200913242,True,0.0016666666666666668,366049,86454,38.83443370787427,3.13.15,2.5.1,test,large,optimum
scpc2,ABLATION_IID,IID,V3-ELIT,3,10,6000,6000,76,221.0,0.91324200913242,True,0.0016666666666666668,371085,90266,37.38489295775071,3.13.15,2.5.1,test,large,optimum
scpc2,ABLATION_IID,IID,V3-ELIT,30,10,6000,6000,137,221.0,0.91324200913242,True,0.0016666666666666668,371064,90823,37.188964542001486,3.13.15,2.5.1,test,large,optimum
scpc2,ABLATION_IID,IID,V3-ELIT,4,10,6000,6000,74,221.0,0.91324200913242,True,0.0016666666666666668,370843,90766,40.875276499893516,3.13.15,2.5.1,test,large,optimum
scpc2,ABLATION_IID,IID,V3-ELIT,5,10,6000,6000,52,221.0,0.91324200913242,True,0.0016666666666666668,370478,90295,41.70497504202649,3.13.15,2.5.1,test,large,optimum
scpc2,ABLATION_IID,IID,V3-ELIT,6,10,6000,6000,57,221.0,0.91324200913242,True,0.0016666666666666668,370696,90291,36.6602910826914,3.13.15,2.5.1,test,large,optimum
scpc2,ABLATION_IID,IID,V3-ELIT,7,10,6000,6000,134,221.0,0.91324200913242,True,0.0016666666666666668,371096,90970,37.418298416770995,3.13.15,2.5.1,test,large,optimum
scpc2,ABLATION_IID,IID,V3-ELIT,8,10,6000,6000,98,221.0,0.91324200913242,True,0.0016666666666666668,369975,89963,37.54606783296913,3.13.15,2.5.1,test,large,optimum
scpc2,ABLATION_IID,IID,V3-ELIT,9,10,6000,6000,129,221.0,0.91324200913242,True,0.0016666666666666668,369855,90221,37.87381458375603,3.13.15,2.5.1,test,large,optimum
scpc2,BGWO,REFERENCE,V3-ELIT,0,10,6000,6000,104,221.0,0.91324200913242,True,0.0016666666666666668,196079,58336,23.081011709291488,3.13.15,2.5.1,test,large,optimum
scpc2,BGWO,REFERENCE,V3-ELIT,1,10,6000,6000,55,224.0,2.2831050228310503,True,0.0016666666666666668,198367,56804,23.41768595809117,3.13.15,2.5.1,test,large,optimum
scpc2,BGWO,REFERENCE,V3-ELIT,10,10,6000,6000,2954,221.0,0.91324200913242,True,0.0016666666666666668,194337,53654,22.695828165858984,3.13.15,2.5.1,test,large,optimum
scpc2,BGWO,REFERENCE,V3-ELIT,11,10,6000,6000,68,221.0,0.91324200913242,True,0.0016666666666666668,196717,58684,23.36388620780781,3.13.15,2.5.1,test,large,optimum
scpc2,BGWO,REFERENCE,V3-ELIT,12,10,6000,6000,175,221.0,0.91324200913242,True,0.0016666666666666668,188457,53021,21.53559383423999,3.13.15,2.5.1,test,large,optimum
scpc2,BGWO,REFERENCE,V3-ELIT,13,10,6000,6000,202,223.0,1.82648401826484,True,0.0016666666666666668,203483,60596,23.186173083260655,3.13.15,2.5.1,test,large,optimum
scpc2,BGWO,REFERENCE,V3-ELIT,14,10,6000,6000,147,221.0,0.91324200913242,True,0.0016666666666666668,197624,58780,22.939547874964774,3.13.15,2.5.1,test,large,optimum
scpc2,BGWO,REFERENCE,V3-ELIT,15,10,6000,6000,51,221.0,0.91324200913242,True,0.0016666666666666668,197280,58481,23.440638290718198,3.13.15,2.5.1,test,large,optimum
scpc2,BGWO,REFERENCE,V3-ELIT,16,10,6000,6000,74,221.0,0.91324200913242,True,0.0016666666666666668,197587,59420,21.70964524988085,3.13.15,2.5.1,test,large,optimum
scpc2,BGWO,REFERENCE,V3-ELIT,17,10,6000,6000,63,221.0,0.91324200913242,True,0.0016666666666666668,196708,58646,22.708914707880467,3.13.15,2.5.1,test,large,optimum
scpc2,BGWO,REFERENCE,V3-ELIT,18,10,6000,6000,1200,221.0,0.91324200913242,True,0.0016666666666666668,189994,53341,22.509159833192825,3.13.15,2.5.1,test,large,optimum
scpc2,BGWO,REFERENCE,V3-ELIT,19,10,6000,6000,72,221.0,0.91324200913242,True,0.0016666666666666668,196899,58392,23.091799000278115,3.13.15,2.5.1,test,large,optimum
scpc2,BGWO,REFERENCE,V3-ELIT,2,10,6000,6000,75,220.0,0.45662100456621,True,0.0016666666666666668,196981,58187,25.124968457967043,3.13.15,2.5.1,test,large,optimum
scpc2,BGWO,REFERENCE,V3-ELIT,20,10,6000,6000,281,221.0,0.91324200913242,True,0.0016666666666666668,197611,58653,21.859311542008072,3.13.15,2.5.1,test,large,optimum
scpc2,BGWO,REFERENCE,V3-ELIT,21,10,6000,6000,74,221.0,0.91324200913242,True,0.0016666666666666668,196247,58616,22.211125374771655,3.13.15,2.5.1,test,large,optimum
scpc2,BGWO,REFERENCE,V3-ELIT,22,10,6000,6000,44,221.0,0.91324200913242,True,0.0016666666666666668,197771,59138,22.904613292310387,3.13.15,2.5.1,test,large,optimum
scpc2,BGWO,REFERENCE,V3-ELIT,23,10,6000,6000,54,221.0,0.91324200913242,True,0.0016666666666666668,196468,58289,23.19090083288029,3.13.15,2.5.1,test,large,optimum
scpc2,BGWO,REFERENCE,V3-ELIT,24,10,6000,6000,66,221.0,0.91324200913242,True,0.0016666666666666668,198104,59530,22.329560291953385,3.13.15,2.5.1,test,large,optimum
scpc2,BGWO,REFERENCE,V3-ELIT,25,10,6000,6000,236,221.0,0.91324200913242,True,0.0016666666666666668,189450,53988,22.25620900001377,3.13.15,2.5.1,test,large,optimum
scpc2,BGWO,REFERENCE,V3-ELIT,26,10,6000,6000,52,221.0,0.91324200913242,True,0.0016666666666666668,196615,58680,22.932569957803935,3.13.15,2.5.1,test,large,optimum
scpc2,BGWO,REFERENCE,V3-ELIT,27,10,6000,6000,87,221.0,0.91324200913242,True,0.0016666666666666668,195906,57838,24.000237791333348,3.13.15,2.5.1,test,large,optimum
scpc2,BGWO,REFERENCE,V3-ELIT,28,10,6000,6000,91,224.0,2.2831050228310503,True,0.0016666666666666668,196852,55815,22.683310333173722,3.13.15,2.5.1,test,large,optimum
scpc2,BGWO,REFERENCE,V3-ELIT,29,10,6000,6000,391,223.0,1.82648401826484,True,0.0016666666666666668,197683,61178,22.207997125107795,3.13.15,2.5.1,test,large,optimum
scpc2,BGWO,REFERENCE,V3-ELIT,3,10,6000,6000,50,221.0,0.91324200913242,True,0.0016666666666666668,196298,58550,25.16958558326587,3.13.15,2.5.1,test,large,optimum
scpc2,BGWO,REFERENCE,V3-ELIT,30,10,6000,6000,981,221.0,0.91324200913242,True,0.0016666666666666668,197902,59089,23.301348541863263,3.13.15,2.5.1,test,large,optimum
scpc2,BGWO,REFERENCE,V3-ELIT,4,10,6000,6000,65,221.0,0.91324200913242,True,0.0016666666666666668,197620,59021,21.975328916683793,3.13.15,2.5.1,test,large,optimum
scpc2,BGWO,REFERENCE,V3-ELIT,5,10,6000,6000,62,221.0,0.91324200913242,True,0.0016666666666666668,197567,58782,22.430761583149433,3.13.15,2.5.1,test,large,optimum
scpc2,BGWO,REFERENCE,V3-ELIT,6,10,6000,6000,41,221.0,0.91324200913242,True,0.0016666666666666668,196260,58431,22.60817070864141,3.13.15,2.5.1,test,large,optimum
scpc2,BGWO,REFERENCE,V3-ELIT,7,10,6000,6000,55,224.0,2.2831050228310503,True,0.0016666666666666668,198172,56863,22.831050124950707,3.13.15,2.5.1,test,large,optimum
scpc2,BGWO,REFERENCE,V3-ELIT,8,10,6000,6000,587,221.0,0.91324200913242,True,0.0016666666666666668,196650,58143,22.24388266680762,3.13.15,2.5.1,test,large,optimum
scpc2,BGWO,REFERENCE,V3-ELIT,9,10,6000,6000,120,221.0,0.91324200913242,True,0.0016666666666666668,196622,58604,23.26178058423102,3.13.15,2.5.1,test,large,optimum
scpc2,BPSO,REFERENCE,V3-ELIT,0,10,6000,6000,63,221.0,0.91324200913242,True,0.0016666666666666668,570061,127353,61.16860650014132,3.13.15,2.5.1,test,large,optimum
scpc2,BPSO,REFERENCE,V3-ELIT,1,10,6000,6000,32,221.0,0.91324200913242,True,0.0016666666666666668,571431,127897,61.23880404094234,3.13.15,2.5.1,test,large,optimum
scpc2,BPSO,REFERENCE,V3-ELIT,10,10,6000,6000,67,221.0,0.91324200913242,True,0.0016666666666666668,569559,128059,59.619278124999255,3.13.15,2.5.1,test,large,optimum
scpc2,BPSO,REFERENCE,V3-ELIT,11,10,6000,6000,33,221.0,0.91324200913242,True,0.0016666666666666668,571580,127891,59.527836833149195,3.13.15,2.5.1,test,large,optimum
scpc2,BPSO,REFERENCE,V3-ELIT,12,10,6000,6000,134,221.0,0.91324200913242,True,0.0016666666666666668,587057,145128,60.39121870789677,3.13.15,2.5.1,test,large,optimum
scpc2,BPSO,REFERENCE,V3-ELIT,13,10,6000,6000,279,221.0,0.91324200913242,True,0.0016666666666666668,586695,140235,60.25632262509316,3.13.15,2.5.1,test,large,optimum
scpc2,BPSO,REFERENCE,V3-ELIT,14,10,6000,6000,43,221.0,0.91324200913242,True,0.0016666666666666668,569092,128319,59.61407908285037,3.13.15,2.5.1,test,large,optimum
scpc2,BPSO,REFERENCE,V3-ELIT,15,10,6000,6000,29,221.0,0.91324200913242,True,0.0016666666666666668,569790,127986,59.72134608309716,3.13.15,2.5.1,test,large,optimum
scpc2,BPSO,REFERENCE,V3-ELIT,16,10,6000,6000,27,221.0,0.91324200913242,True,0.0016666666666666668,568355,128181,59.32943645771593,3.13.15,2.5.1,test,large,optimum
scpc2,BPSO,REFERENCE,V3-ELIT,17,10,6000,6000,49,221.0,0.91324200913242,True,0.0016666666666666668,571222,128363,59.65151312481612,3.13.15,2.5.1,test,large,optimum
scpc2,BPSO,REFERENCE,V3-ELIT,18,10,6000,6000,71,221.0,0.91324200913242,True,0.0016666666666666668,547145,122756,57.62753083277494,3.13.15,2.5.1,test,large,optimum
scpc2,BPSO,REFERENCE,V3-ELIT,19,10,6000,6000,21,221.0,0.91324200913242,True,0.0016666666666666668,570548,127500,59.68016566662118,3.13.15,2.5.1,test,large,optimum
scpc2,BPSO,REFERENCE,V3-ELIT,2,10,6000,6000,156,221.0,0.91324200913242,True,0.0016666666666666668,583628,140070,63.037796792108566,3.13.15,2.5.1,test,large,optimum
scpc2,BPSO,REFERENCE,V3-ELIT,20,10,6000,6000,53,221.0,0.91324200913242,True,0.0016666666666666668,571869,128030,60.10793933272362,3.13.15,2.5.1,test,large,optimum
scpc2,BPSO,REFERENCE,V3-ELIT,21,10,6000,6000,92,221.0,0.91324200913242,True,0.0016666666666666668,570266,131866,60.24554270785302,3.13.15,2.5.1,test,large,optimum
scpc2,BPSO,REFERENCE,V3-ELIT,22,10,6000,6000,64,221.0,0.91324200913242,True,0.0016666666666666668,566534,128248,59.05848600016907,3.13.15,2.5.1,test,large,optimum
scpc2,BPSO,REFERENCE,V3-ELIT,23,10,6000,6000,21,221.0,0.91324200913242,True,0.0016666666666666668,571439,127782,59.92210158286616,3.13.15,2.5.1,test,large,optimum
scpc2,BPSO,REFERENCE,V3-ELIT,24,10,6000,6000,29,221.0,0.91324200913242,True,0.0016666666666666668,587935,142342,60.61729320930317,3.13.15,2.5.1,test,large,optimum
scpc2,BPSO,REFERENCE,V3-ELIT,25,10,6000,6000,42,221.0,0.91324200913242,True,0.0016666666666666668,570940,127917,59.70789233408868,3.13.15,2.5.1,test,large,optimum
scpc2,BPSO,REFERENCE,V3-ELIT,26,10,6000,6000,184,221.0,0.91324200913242,True,0.0016666666666666668,570817,127665,61.27907712478191,3.13.15,2.5.1,test,large,optimum
scpc2,BPSO,REFERENCE,V3-ELIT,27,10,6000,6000,62,221.0,0.91324200913242,True,0.0016666666666666668,570054,127914,60.772182459011674,3.13.15,2.5.1,test,large,optimum
scpc2,BPSO,REFERENCE,V3-ELIT,28,10,6000,6000,75,221.0,0.91324200913242,True,0.0016666666666666668,586608,140210,60.62420841725543,3.13.15,2.5.1,test,large,optimum
scpc2,BPSO,REFERENCE,V3-ELIT,29,10,6000,6000,115,221.0,0.91324200913242,True,0.0016666666666666668,588236,145554,61.055714207701385,3.13.15,2.5.1,test,large,optimum
scpc2,BPSO,REFERENCE,V3-ELIT,3,10,6000,6000,24,221.0,0.91324200913242,True,0.0016666666666666668,570908,127578,63.61027154093608,3.13.15,2.5.1,test,large,optimum
scpc2,BPSO,REFERENCE,V3-ELIT,30,10,6000,6000,24,221.0,0.91324200913242,True,0.0016666666666666668,569241,127538,60.830515125300735,3.13.15,2.5.1,test,large,optimum
scpc2,BPSO,REFERENCE,V3-ELIT,4,10,6000,6000,40,221.0,0.91324200913242,True,0.0016666666666666668,570300,127432,60.28394716605544,3.13.15,2.5.1,test,large,optimum
scpc2,BPSO,REFERENCE,V3-ELIT,5,10,6000,6000,39,221.0,0.91324200913242,True,0.0016666666666666668,568070,127896,59.51443279068917,3.13.15,2.5.1,test,large,optimum
scpc2,BPSO,REFERENCE,V3-ELIT,6,10,6000,6000,30,221.0,0.91324200913242,True,0.0016666666666666668,572162,132044,59.90818199981004,3.13.15,2.5.1,test,large,optimum
scpc2,BPSO,REFERENCE,V3-ELIT,7,10,6000,6000,136,221.0,0.91324200913242,True,0.0016666666666666668,570613,127474,59.67276208428666,3.13.15,2.5.1,test,large,optimum
scpc2,BPSO,REFERENCE,V3-ELIT,8,10,6000,6000,30,221.0,0.91324200913242,True,0.0016666666666666668,570073,127141,59.30151779204607,3.13.15,2.5.1,test,large,optimum
scpc2,BPSO,REFERENCE,V3-ELIT,9,10,6000,6000,60,221.0,0.91324200913242,True,0.0016666666666666668,587192,145388,60.47353537520394,3.13.15,2.5.1,test,large,optimum
scpc2,BPWO,PWO,S2-ELIT,0,10,6000,6000,124,223.0,1.82648401826484,True,0.0016666666666666668,174259,56863,22.395069874823093,3.13.15,2.5.1,test,large,optimum
scpc2,BPWO,PWO,S2-ELIT,1,10,6000,6000,45,221.0,0.91324200913242,True,0.0016666666666666668,171822,54508,20.91207362525165,3.13.15,2.5.1,test,large,optimum
scpc2,BPWO,PWO,S2-ELIT,10,10,6000,6000,52,221.0,0.91324200913242,True,0.0016666666666666668,170936,54656,20.410693374928087,3.13.15,2.5.1,test,large,optimum
scpc2,BPWO,PWO,S2-ELIT,11,10,6000,6000,38,221.0,0.91324200913242,True,0.0016666666666666668,171854,54510,20.489346250426024,3.13.15,2.5.1,test,large,optimum
scpc2,BPWO,PWO,S2-ELIT,12,10,6000,6000,94,221.0,0.91324200913242,True,0.0016666666666666668,164077,49259,20.15910050040111,3.13.15,2.5.1,test,large,optimum
scpc2,BPWO,PWO,S2-ELIT,13,10,6000,6000,114,221.0,0.91324200913242,True,0.0016666666666666668,172631,54689,19.57717691734433,3.13.15,2.5.1,test,large,optimum
scpc2,BPWO,PWO,S2-ELIT,14,10,6000,6000,29,221.0,0.91324200913242,True,0.0016666666666666668,172321,55163,20.314054375048727,3.13.15,2.5.1,test,large,optimum
scpc2,BPWO,PWO,S2-ELIT,15,10,6000,6000,162,221.0,0.91324200913242,True,0.0016666666666666668,171135,53985,19.675168958026916,3.13.15,2.5.1,test,large,optimum
scpc2,BPWO,PWO,S2-ELIT,16,10,6000,6000,91,221.0,0.91324200913242,True,0.0016666666666666668,171839,54431,20.605992916040123,3.13.15,2.5.1,test,large,optimum
scpc2,BPWO,PWO,S2-ELIT,17,10,6000,6000,197,223.0,1.82648401826484,True,0.0016666666666666668,176895,57094,19.843772791791707,3.13.15,2.5.1,test,large,optimum
scpc2,BPWO,PWO,S2-ELIT,18,10,6000,6000,41,221.0,0.91324200913242,True,0.0016666666666666668,172155,54970,20.280892541632056,3.13.15,2.5.1,test,large,optimum
scpc2,BPWO,PWO,S2-ELIT,19,10,6000,6000,147,221.0,0.91324200913242,True,0.0016666666666666668,164546,49776,19.621611916925758,3.13.15,2.5.1,test,large,optimum
scpc2,BPWO,PWO,S2-ELIT,2,10,6000,6000,1632,221.0,0.91324200913242,True,0.0016666666666666668,172224,54329,21.137996333185583,3.13.15,2.5.1,test,large,optimum
scpc2,BPWO,PWO,S2-ELIT,20,10,6000,6000,103,221.0,0.91324200913242,True,0.0016666666666666668,164507,49796,20.337100917007774,3.13.15,2.5.1,test,large,optimum
scpc2,BPWO,PWO,S2-ELIT,21,10,6000,6000,4362,221.0,0.91324200913242,True,0.0016666666666666668,173389,52405,19.76337333396077,3.13.15,2.5.1,test,large,optimum
scpc2,BPWO,PWO,S2-ELIT,22,10,6000,6000,57,221.0,0.91324200913242,True,0.0016666666666666668,171531,54389,20.370476791635156,3.13.15,2.5.1,test,large,optimum
scpc2,BPWO,PWO,S2-ELIT,23,10,6000,6000,68,221.0,0.91324200913242,True,0.0016666666666666668,171335,54416,20.813393875025213,3.13.15,2.5.1,test,large,optimum
scpc2,BPWO,PWO,S2-ELIT,24,10,6000,6000,81,221.0,0.91324200913242,True,0.0016666666666666668,166042,50443,20.16686729202047,3.13.15,2.5.1,test,large,optimum
scpc2,BPWO,PWO,S2-ELIT,25,10,6000,6000,65,224.0,2.2831050228310503,True,0.0016666666666666668,171971,52131,19.48727916739881,3.13.15,2.5.1,test,large,optimum
scpc2,BPWO,PWO,S2-ELIT,26,10,6000,6000,5122,221.0,0.91324200913242,True,0.0016666666666666668,175501,56295,20.158887666650116,3.13.15,2.5.1,test,large,optimum
scpc2,BPWO,PWO,S2-ELIT,27,10,6000,6000,141,221.0,0.91324200913242,True,0.0016666666666666668,172829,55081,19.790807417128235,3.13.15,2.5.1,test,large,optimum
scpc2,BPWO,PWO,S2-ELIT,28,10,6000,6000,404,221.0,0.91324200913242,True,0.0016666666666666668,171613,54550,20.04469137499109,3.13.15,2.5.1,test,large,optimum
scpc2,BPWO,PWO,S2-ELIT,29,10,6000,6000,84,221.0,0.91324200913242,True,0.0016666666666666668,170856,53854,19.89004574995488,3.13.15,2.5.1,test,large,optimum
scpc2,BPWO,PWO,S2-ELIT,3,10,6000,6000,48,221.0,0.91324200913242,True,0.0016666666666666668,171048,54604,20.51053287507966,3.13.15,2.5.1,test,large,optimum
scpc2,BPWO,PWO,S2-ELIT,30,10,6000,6000,1788,223.0,1.82648401826484,True,0.0016666666666666668,173336,55994,20.98964195791632,3.13.15,2.5.1,test,large,optimum
scpc2,BPWO,PWO,S2-ELIT,4,10,6000,6000,127,221.0,0.91324200913242,True,0.0016666666666666668,171669,54535,21.195553791243583,3.13.15,2.5.1,test,large,optimum
scpc2,BPWO,PWO,S2-ELIT,5,10,6000,6000,51,221.0,0.91324200913242,True,0.0016666666666666668,171978,54510,21.67283224966377,3.13.15,2.5.1,test,large,optimum
scpc2,BPWO,PWO,S2-ELIT,6,10,6000,6000,35,221.0,0.91324200913242,True,0.0016666666666666668,171334,54114,21.76089124986902,3.13.15,2.5.1,test,large,optimum
scpc2,BPWO,PWO,S2-ELIT,7,10,6000,6000,73,221.0,0.91324200913242,True,0.0016666666666666668,170794,53992,20.88757187500596,3.13.15,2.5.1,test,large,optimum
scpc2,BPWO,PWO,S2-ELIT,8,10,6000,6000,94,221.0,0.91324200913242,True,0.0016666666666666668,171436,54451,20.274594417307526,3.13.15,2.5.1,test,large,optimum
scpc2,BPWO,PWO,S2-ELIT,9,10,6000,6000,136,221.0,0.91324200913242,True,0.0016666666666666668,172440,54594,20.386898124590516,3.13.15,2.5.1,test,large,optimum
scpc2,BPWO,PWO,V3-ELIT,0,10,6000,6000,413,221.0,0.91324200913242,True,0.0016666666666666668,186408,57194,21.06776920799166,3.13.15,2.5.1,test,large,optimum
scpc2,BPWO,PWO,V3-ELIT,1,10,6000,6000,51,221.0,0.91324200913242,True,0.0016666666666666668,186603,57449,21.53174166707322,3.13.15,2.5.1,test,large,optimum
scpc2,BPWO,PWO,V3-ELIT,10,10,6000,6000,82,221.0,0.91324200913242,True,0.0016666666666666668,185497,57203,21.519467208068818,3.13.15,2.5.1,test,large,optimum
scpc2,BPWO,PWO,V3-ELIT,11,10,6000,6000,101,221.0,0.91324200913242,True,0.0016666666666666668,186417,57758,20.186552917119116,3.13.15,2.5.1,test,large,optimum
scpc2,BPWO,PWO,V3-ELIT,12,10,6000,6000,107,221.0,0.91324200913242,True,0.0016666666666666668,186766,57607,20.51594420801848,3.13.15,2.5.1,test,large,optimum
scpc2,BPWO,PWO,V3-ELIT,13,10,6000,6000,2557,221.0,0.91324200913242,True,0.0016666666666666668,188572,58367,20.929629541933537,3.13.15,2.5.1,test,large,optimum
scpc2,BPWO,PWO,V3-ELIT,14,10,6000,6000,92,221.0,0.91324200913242,True,0.0016666666666666668,187666,57948,21.509569082874805,3.13.15,2.5.1,test,large,optimum
scpc2,BPWO,PWO,V3-ELIT,15,10,6000,6000,2964,221.0,0.91324200913242,True,0.0016666666666666668,182789,54124,20.17915662471205,3.13.15,2.5.1,test,large,optimum
scpc2,BPWO,PWO,V3-ELIT,16,10,6000,6000,492,221.0,0.91324200913242,True,0.0016666666666666668,186113,56859,20.476902459282428,3.13.15,2.5.1,test,large,optimum
scpc2,BPWO,PWO,V3-ELIT,17,10,6000,6000,122,221.0,0.91324200913242,True,0.0016666666666666668,185988,57340,21.231606541667134,3.13.15,2.5.1,test,large,optimum
scpc2,BPWO,PWO,V3-ELIT,18,10,6000,6000,115,221.0,0.91324200913242,True,0.0016666666666666668,187134,57826,21.563884458038956,3.13.15,2.5.1,test,large,optimum
scpc2,BPWO,PWO,V3-ELIT,19,10,6000,6000,69,221.0,0.91324200913242,True,0.0016666666666666668,187220,58349,21.155783750116825,3.13.15,2.5.1,test,large,optimum
scpc2,BPWO,PWO,V3-ELIT,2,10,6000,6000,92,221.0,0.91324200913242,True,0.0016666666666666668,187160,57642,22.110768042039126,3.13.15,2.5.1,test,large,optimum
scpc2,BPWO,PWO,V3-ELIT,20,10,6000,6000,128,221.0,0.91324200913242,True,0.0016666666666666668,178578,52458,20.450170333031565,3.13.15,2.5.1,test,large,optimum
scpc2,BPWO,PWO,V3-ELIT,21,10,6000,6000,99,221.0,0.91324200913242,True,0.0016666666666666668,187940,58251,21.35231037531048,3.13.15,2.5.1,test,large,optimum
scpc2,BPWO,PWO,V3-ELIT,22,10,6000,6000,85,221.0,0.91324200913242,True,0.0016666666666666668,186249,57194,21.923554708249867,3.13.15,2.5.1,test,large,optimum
scpc2,BPWO,PWO,V3-ELIT,23,10,6000,6000,92,221.0,0.91324200913242,True,0.0016666666666666668,187237,57737,20.695715708192438,3.13.15,2.5.1,test,large,optimum
scpc2,BPWO,PWO,V3-ELIT,24,10,6000,6000,73,221.0,0.91324200913242,True,0.0016666666666666668,185480,56672,20.550602125003934,3.13.15,2.5.1,test,large,optimum
scpc2,BPWO,PWO,V3-ELIT,25,10,6000,6000,1321,221.0,0.91324200913242,True,0.0016666666666666668,180235,52498,21.59033841593191,3.13.15,2.5.1,test,large,optimum
scpc2,BPWO,PWO,V3-ELIT,26,10,6000,6000,88,221.0,0.91324200913242,True,0.0016666666666666668,186575,57635,21.78080620802939,3.13.15,2.5.1,test,large,optimum
scpc2,BPWO,PWO,V3-ELIT,27,10,6000,6000,89,221.0,0.91324200913242,True,0.0016666666666666668,187211,57962,21.405681957956403,3.13.15,2.5.1,test,large,optimum
scpc2,BPWO,PWO,V3-ELIT,28,10,6000,6000,101,221.0,0.91324200913242,True,0.0016666666666666668,186237,57753,21.395954499952495,3.13.15,2.5.1,test,large,optimum
scpc2,BPWO,PWO,V3-ELIT,29,10,6000,6000,99,221.0,0.91324200913242,True,0.0016666666666666668,186640,57421,22.233446541707963,3.13.15,2.5.1,test,large,optimum
scpc2,BPWO,PWO,V3-ELIT,3,10,6000,6000,1315,221.0,0.91324200913242,True,0.0016666666666666668,187684,57724,21.721880957949907,3.13.15,2.5.1,test,large,optimum
scpc2,BPWO,PWO,V3-ELIT,30,10,6000,6000,187,221.0,0.91324200913242,True,0.0016666666666666668,186052,57123,21.007198333274573,3.13.15,2.5.1,test,large,optimum
scpc2,BPWO,PWO,V3-ELIT,4,10,6000,6000,100,221.0,0.91324200913242,True,0.0016666666666666668,186238,57778,21.276082249823958,3.13.15,2.5.1,test,large,optimum
scpc2,BPWO,PWO,V3-ELIT,5,10,6000,6000,172,221.0,0.91324200913242,True,0.0016666666666666668,186378,57486,21.1577808749862,3.13.15,2.5.1,test,large,optimum
scpc2,BPWO,PWO,V3-ELIT,6,10,6000,6000,132,221.0,0.91324200913242,True,0.0016666666666666668,180102,52639,21.460757415741682,3.13.15,2.5.1,test,large,optimum
scpc2,BPWO,PWO,V3-ELIT,7,10,6000,6000,65,221.0,0.91324200913242,True,0.0016666666666666668,185665,56799,20.205184374935925,3.13.15,2.5.1,test,large,optimum
scpc2,BPWO,PWO,V3-ELIT,8,10,6000,6000,407,221.0,0.91324200913242,True,0.0016666666666666668,187108,57574,20.823054375126958,3.13.15,2.5.1,test,large,optimum
scpc2,BPWO,PWO,V3-ELIT,9,10,6000,6000,711,223.0,1.82648401826484,True,0.0016666666666666668,191817,59301,20.51631366694346,3.13.15,2.5.1,test,large,optimum
scpc2,GREEDY,N/A,N/A,N/A,N/A,1,1,1,224.0,2.2831050228310503,True,N/A,104,20,0.011289415881037712,3.13.15,2.5.1,test,large,optimum
scpd2,ABLATION_IID,IID,V3-ELIT,0,10,6000,6000,41,67.0,1.5151515151515151,True,0.0016666666666666668,175449,32415,27.416231957729906,3.13.15,2.5.1,test,large,optimum
scpd2,ABLATION_IID,IID,V3-ELIT,1,10,6000,6000,166,67.0,1.5151515151515151,True,0.0016666666666666668,175454,32571,29.616475082933903,3.13.15,2.5.1,test,large,optimum
scpd2,ABLATION_IID,IID,V3-ELIT,10,10,6000,6000,108,67.0,1.5151515151515151,True,0.0016666666666666668,174849,32688,30.025442792102695,3.13.15,2.5.1,test,large,optimum
scpd2,ABLATION_IID,IID,V3-ELIT,11,10,6000,6000,37,67.0,1.5151515151515151,True,0.0016666666666666668,174760,32339,28.727485332638025,3.13.15,2.5.1,test,large,optimum
scpd2,ABLATION_IID,IID,V3-ELIT,12,10,6000,6000,41,67.0,1.5151515151515151,True,0.0016666666666666668,175686,32920,30.00992116704583,3.13.15,2.5.1,test,large,optimum
scpd2,ABLATION_IID,IID,V3-ELIT,13,10,6000,6000,49,67.0,1.5151515151515151,True,0.0016666666666666668,175183,32480,29.740874874871224,3.13.15,2.5.1,test,large,optimum
scpd2,ABLATION_IID,IID,V3-ELIT,14,10,6000,6000,152,67.0,1.5151515151515151,True,0.0016666666666666668,175183,32607,29.725661291740835,3.13.15,2.5.1,test,large,optimum
scpd2,ABLATION_IID,IID,V3-ELIT,15,10,6000,6000,104,67.0,1.5151515151515151,True,0.0016666666666666668,174293,32381,28.494110874831676,3.13.15,2.5.1,test,large,optimum
scpd2,ABLATION_IID,IID,V3-ELIT,16,10,6000,6000,39,67.0,1.5151515151515151,True,0.0016666666666666668,174885,32316,29.34090216597542,3.13.15,2.5.1,test,large,optimum
scpd2,ABLATION_IID,IID,V3-ELIT,17,10,6000,6000,108,67.0,1.5151515151515151,True,0.0016666666666666668,174895,32542,30.111537833698094,3.13.15,2.5.1,test,large,optimum
scpd2,ABLATION_IID,IID,V3-ELIT,18,10,6000,6000,221,67.0,1.5151515151515151,True,0.0016666666666666668,175146,32662,29.880786582827568,3.13.15,2.5.1,test,large,optimum
scpd2,ABLATION_IID,IID,V3-ELIT,19,10,6000,6000,64,67.0,1.5151515151515151,True,0.0016666666666666668,175039,32580,28.956645416095853,3.13.15,2.5.1,test,large,optimum
scpd2,ABLATION_IID,IID,V3-ELIT,2,10,6000,6000,33,67.0,1.5151515151515151,True,0.0016666666666666668,175960,33200,30.341637291014194,3.13.15,2.5.1,test,large,optimum
scpd2,ABLATION_IID,IID,V3-ELIT,20,10,6000,6000,61,67.0,1.5151515151515151,True,0.0016666666666666668,175171,32673,29.913419250398874,3.13.15,2.5.1,test,large,optimum
scpd2,ABLATION_IID,IID,V3-ELIT,21,10,6000,6000,46,67.0,1.5151515151515151,True,0.0016666666666666668,175117,32553,29.725910124834627,3.13.15,2.5.1,test,large,optimum
scpd2,ABLATION_IID,IID,V3-ELIT,22,10,6000,6000,91,67.0,1.5151515151515151,True,0.0016666666666666668,175117,32609,30.140301249921322,3.13.15,2.5.1,test,large,optimum
scpd2,ABLATION_IID,IID,V3-ELIT,23,10,6000,6000,21,67.0,1.5151515151515151,True,0.0016666666666666668,174691,32187,28.766428333707154,3.13.15,2.5.1,test,large,optimum
scpd2,ABLATION_IID,IID,V3-ELIT,24,10,6000,6000,49,67.0,1.5151515151515151,True,0.0016666666666666668,175907,32579,28.848009208217263,3.13.15,2.5.1,test,large,optimum
scpd2,ABLATION_IID,IID,V3-ELIT,25,10,6000,6000,119,67.0,1.5151515151515151,True,0.0016666666666666668,174646,32599,29.641756166704,3.13.15,2.5.1,test,large,optimum
scpd2,ABLATION_IID,IID,V3-ELIT,26,10,6000,6000,294,67.0,1.5151515151515151,True,0.0016666666666666668,174931,32593,29.915255167055875,3.13.15,2.5.1,test,large,optimum
scpd2,ABLATION_IID,IID,V3-ELIT,27,10,6000,6000,139,67.0,1.5151515151515151,True,0.0016666666666666668,174867,32451,28.958527999930084,3.13.15,2.5.1,test,large,optimum
scpd2,ABLATION_IID,IID,V3-ELIT,28,10,6000,6000,45,67.0,1.5151515151515151,True,0.0016666666666666668,174347,32394,28.73534020828083,3.13.15,2.5.1,test,large,optimum
scpd2,ABLATION_IID,IID,V3-ELIT,29,10,6000,6000,64,67.0,1.5151515151515151,True,0.0016666666666666668,174506,32393,29.88352608308196,3.13.15,2.5.1,test,large,optimum
scpd2,ABLATION_IID,IID,V3-ELIT,3,10,6000,6000,101,67.0,1.5151515151515151,True,0.0016666666666666668,175797,32744,29.028356541879475,3.13.15,2.5.1,test,large,optimum
scpd2,ABLATION_IID,IID,V3-ELIT,30,10,6000,6000,134,67.0,1.5151515151515151,True,0.0016666666666666668,175097,32737,30.71759841684252,3.13.15,2.5.1,test,large,optimum
scpd2,ABLATION_IID,IID,V3-ELIT,4,10,6000,6000,92,67.0,1.5151515151515151,True,0.0016666666666666668,175376,32872,29.43159949965775,3.13.15,2.5.1,test,large,optimum
scpd2,ABLATION_IID,IID,V3-ELIT,5,10,6000,6000,65,67.0,1.5151515151515151,True,0.0016666666666666668,175227,32670,30.00305641628802,3.13.15,2.5.1,test,large,optimum
scpd2,ABLATION_IID,IID,V3-ELIT,6,10,6000,6000,50,67.0,1.5151515151515151,True,0.0016666666666666668,175443,32728,30.370362459216267,3.13.15,2.5.1,test,large,optimum
scpd2,ABLATION_IID,IID,V3-ELIT,7,10,6000,6000,110,67.0,1.5151515151515151,True,0.0016666666666666668,175160,32656,28.428439000155777,3.13.15,2.5.1,test,large,optimum
scpd2,ABLATION_IID,IID,V3-ELIT,8,10,6000,6000,48,67.0,1.5151515151515151,True,0.0016666666666666668,175227,32838,29.534578499849886,3.13.15,2.5.1,test,large,optimum
scpd2,ABLATION_IID,IID,V3-ELIT,9,10,6000,6000,33,67.0,1.5151515151515151,True,0.0016666666666666668,175039,32893,29.914882624987513,3.13.15,2.5.1,test,large,optimum
scpd2,BGWO,REFERENCE,V3-ELIT,0,10,6000,6000,124,67.0,1.5151515151515151,True,0.0016666666666666668,92983,28256,20.433166875038296,3.13.15,2.5.1,test,large,optimum
scpd2,BGWO,REFERENCE,V3-ELIT,1,10,6000,6000,51,67.0,1.5151515151515151,True,0.0016666666666666668,92614,27967,20.39446529187262,3.13.15,2.5.1,test,large,optimum
scpd2,BGWO,REFERENCE,V3-ELIT,10,10,6000,6000,34,67.0,1.5151515151515151,True,0.0016666666666666668,92475,27524,20.859796333126724,3.13.15,2.5.1,test,large,optimum
scpd2,BGWO,REFERENCE,V3-ELIT,11,10,6000,6000,90,67.0,1.5151515151515151,True,0.0016666666666666668,92949,27959,20.46559733338654,3.13.15,2.5.1,test,large,optimum
scpd2,BGWO,REFERENCE,V3-ELIT,12,10,6000,6000,273,67.0,1.5151515151515151,True,0.0016666666666666668,92641,27882,20.3923142910935,3.13.15,2.5.1,test,large,optimum
scpd2,BGWO,REFERENCE,V3-ELIT,13,10,6000,6000,190,67.0,1.5151515151515151,True,0.0016666666666666668,92851,27831,19.76271433290094,3.13.15,2.5.1,test,large,optimum
scpd2,BGWO,REFERENCE,V3-ELIT,14,10,6000,6000,283,67.0,1.5151515151515151,True,0.0016666666666666668,92282,27874,19.99912895867601,3.13.15,2.5.1,test,large,optimum
scpd2,BGWO,REFERENCE,V3-ELIT,15,10,6000,6000,33,67.0,1.5151515151515151,True,0.0016666666666666668,92598,27727,20.62271820800379,3.13.15,2.5.1,test,large,optimum
scpd2,BGWO,REFERENCE,V3-ELIT,16,10,6000,6000,268,67.0,1.5151515151515151,True,0.0016666666666666668,92650,27870,20.63395254081115,3.13.15,2.5.1,test,large,optimum
scpd2,BGWO,REFERENCE,V3-ELIT,17,10,6000,6000,788,67.0,1.5151515151515151,True,0.0016666666666666668,93365,28285,20.399200833868235,3.13.15,2.5.1,test,large,optimum
scpd2,BGWO,REFERENCE,V3-ELIT,18,10,6000,6000,32,67.0,1.5151515151515151,True,0.0016666666666666668,92910,28166,21.200158917345107,3.13.15,2.5.1,test,large,optimum
scpd2,BGWO,REFERENCE,V3-ELIT,19,10,6000,6000,107,67.0,1.5151515151515151,True,0.0016666666666666668,93367,28060,20.8925177087076,3.13.15,2.5.1,test,large,optimum
scpd2,BGWO,REFERENCE,V3-ELIT,2,10,6000,6000,521,67.0,1.5151515151515151,True,0.0016666666666666668,93195,27841,20.327299708966166,3.13.15,2.5.1,test,large,optimum
scpd2,BGWO,REFERENCE,V3-ELIT,20,10,6000,6000,352,67.0,1.5151515151515151,True,0.0016666666666666668,92657,27990,20.88742212532088,3.13.15,2.5.1,test,large,optimum
scpd2,BGWO,REFERENCE,V3-ELIT,21,10,6000,6000,40,67.0,1.5151515151515151,True,0.0016666666666666668,92221,27659,19.446336499881,3.13.15,2.5.1,test,large,optimum
scpd2,BGWO,REFERENCE,V3-ELIT,22,10,6000,6000,60,67.0,1.5151515151515151,True,0.0016666666666666668,92286,27748,20.411994458176196,3.13.15,2.5.1,test,large,optimum
scpd2,BGWO,REFERENCE,V3-ELIT,23,10,6000,6000,181,67.0,1.5151515151515151,True,0.0016666666666666668,93253,28414,20.870524709112942,3.13.15,2.5.1,test,large,optimum
scpd2,BGWO,REFERENCE,V3-ELIT,24,10,6000,6000,821,67.0,1.5151515151515151,True,0.0016666666666666668,93938,28360,21.390948624815792,3.13.15,2.5.1,test,large,optimum
scpd2,BGWO,REFERENCE,V3-ELIT,25,10,6000,6000,192,67.0,1.5151515151515151,True,0.0016666666666666668,92370,28274,19.639817959163338,3.13.15,2.5.1,test,large,optimum
scpd2,BGWO,REFERENCE,V3-ELIT,26,10,6000,6000,200,67.0,1.5151515151515151,True,0.0016666666666666668,92240,27777,20.67600116599351,3.13.15,2.5.1,test,large,optimum
scpd2,BGWO,REFERENCE,V3-ELIT,27,10,6000,6000,231,67.0,1.5151515151515151,True,0.0016666666666666668,92927,28355,20.857132541947067,3.13.15,2.5.1,test,large,optimum
scpd2,BGWO,REFERENCE,V3-ELIT,28,10,6000,6000,158,67.0,1.5151515151515151,True,0.0016666666666666668,91988,28080,21.703143540769815,3.13.15,2.5.1,test,large,optimum
scpd2,BGWO,REFERENCE,V3-ELIT,29,10,6000,6000,62,67.0,1.5151515151515151,True,0.0016666666666666668,92298,27963,20.94218529202044,3.13.15,2.5.1,test,large,optimum
scpd2,BGWO,REFERENCE,V3-ELIT,3,10,6000,6000,31,67.0,1.5151515151515151,True,0.0016666666666666668,92222,27607,20.62354954192415,3.13.15,2.5.1,test,large,optimum
scpd2,BGWO,REFERENCE,V3-ELIT,30,10,6000,6000,64,67.0,1.5151515151515151,True,0.0016666666666666668,92898,27939,22.367619667202234,3.13.15,2.5.1,test,large,optimum
scpd2,BGWO,REFERENCE,V3-ELIT,4,10,6000,6000,42,67.0,1.5151515151515151,True,0.0016666666666666668,93014,27825,20.639961457811296,3.13.15,2.5.1,test,large,optimum
scpd2,BGWO,REFERENCE,V3-ELIT,5,10,6000,6000,41,67.0,1.5151515151515151,True,0.0016666666666666668,92521,27802,20.10881487466395,3.13.15,2.5.1,test,large,optimum
scpd2,BGWO,REFERENCE,V3-ELIT,6,10,6000,6000,81,67.0,1.5151515151515151,True,0.0016666666666666668,92512,28298,20.41901479102671,3.13.15,2.5.1,test,large,optimum
scpd2,BGWO,REFERENCE,V3-ELIT,7,10,6000,6000,34,67.0,1.5151515151515151,True,0.0016666666666666668,93679,28272,20.360431833192706,3.13.15,2.5.1,test,large,optimum
scpd2,BGWO,REFERENCE,V3-ELIT,8,10,6000,6000,273,67.0,1.5151515151515151,True,0.0016666666666666668,92205,27594,20.562993915751576,3.13.15,2.5.1,test,large,optimum
scpd2,BGWO,REFERENCE,V3-ELIT,9,10,6000,6000,694,67.0,1.5151515151515151,True,0.0016666666666666668,93159,28364,20.262994499877095,3.13.15,2.5.1,test,large,optimum
scpd2,BPSO,REFERENCE,V3-ELIT,0,10,6000,6000,180,67.0,1.5151515151515151,True,0.0016666666666666668,254166,34657,40.2964878748171,3.13.15,2.5.1,test,large,optimum
scpd2,BPSO,REFERENCE,V3-ELIT,1,10,6000,6000,122,67.0,1.5151515151515151,True,0.0016666666666666668,253435,34561,41.07794754067436,3.13.15,2.5.1,test,large,optimum
scpd2,BPSO,REFERENCE,V3-ELIT,10,10,6000,6000,2738,67.0,1.5151515151515151,True,0.0016666666666666668,258185,39267,40.220946124754846,3.13.15,2.5.1,test,large,optimum
scpd2,BPSO,REFERENCE,V3-ELIT,11,10,6000,6000,167,67.0,1.5151515151515151,True,0.0016666666666666668,252265,34360,41.36875191703439,3.13.15,2.5.1,test,large,optimum
scpd2,BPSO,REFERENCE,V3-ELIT,12,10,6000,6000,39,67.0,1.5151515151515151,True,0.0016666666666666668,252507,34786,41.341290791053325,3.13.15,2.5.1,test,large,optimum
scpd2,BPSO,REFERENCE,V3-ELIT,13,10,6000,6000,102,67.0,1.5151515151515151,True,0.0016666666666666668,252769,35096,40.126743332948536,3.13.15,2.5.1,test,large,optimum
scpd2,BPSO,REFERENCE,V3-ELIT,14,10,6000,6000,314,67.0,1.5151515151515151,True,0.0016666666666666668,254898,34927,40.47761066630483,3.13.15,2.5.1,test,large,optimum
scpd2,BPSO,REFERENCE,V3-ELIT,15,10,6000,6000,70,67.0,1.5151515151515151,True,0.0016666666666666668,254103,34346,41.08399241603911,3.13.15,2.5.1,test,large,optimum
scpd2,BPSO,REFERENCE,V3-ELIT,16,10,6000,6000,243,67.0,1.5151515151515151,True,0.0016666666666666668,254258,34635,41.65413095802069,3.13.15,2.5.1,test,large,optimum
scpd2,BPSO,REFERENCE,V3-ELIT,17,10,6000,6000,23,68.0,3.0303030303030303,True,0.0016666666666666668,270723,34365,42.33413483388722,3.13.15,2.5.1,test,large,optimum
scpd2,BPSO,REFERENCE,V3-ELIT,18,10,6000,6000,122,67.0,1.5151515151515151,True,0.0016666666666666668,249549,36124,39.028284083586186,3.13.15,2.5.1,test,large,optimum
scpd2,BPSO,REFERENCE,V3-ELIT,19,10,6000,6000,835,67.0,1.5151515151515151,True,0.0016666666666666668,255708,35761,41.501114250160754,3.13.15,2.5.1,test,large,optimum
scpd2,BPSO,REFERENCE,V3-ELIT,2,10,6000,6000,54,67.0,1.5151515151515151,True,0.0016666666666666668,253495,34620,40.155622750055045,3.13.15,2.5.1,test,large,optimum
scpd2,BPSO,REFERENCE,V3-ELIT,20,10,6000,6000,51,67.0,1.5151515151515151,True,0.0016666666666666668,253066,34239,41.3435898325406,3.13.15,2.5.1,test,large,optimum
scpd2,BPSO,REFERENCE,V3-ELIT,21,10,6000,6000,3842,67.0,1.5151515151515151,True,0.0016666666666666668,261987,39873,41.37184099992737,3.13.15,2.5.1,test,large,optimum
scpd2,BPSO,REFERENCE,V3-ELIT,22,10,6000,6000,25,68.0,3.0303030303030303,True,0.0016666666666666668,272166,34405,42.1549031669274,3.13.15,2.5.1,test,large,optimum
scpd2,BPSO,REFERENCE,V3-ELIT,23,10,6000,6000,2319,67.0,1.5151515151515151,True,0.0016666666666666668,258958,37798,41.52547595789656,3.13.15,2.5.1,test,large,optimum
scpd2,BPSO,REFERENCE,V3-ELIT,24,10,6000,6000,239,67.0,1.5151515151515151,True,0.0016666666666666668,254001,34335,41.530287167057395,3.13.15,2.5.1,test,large,optimum
scpd2,BPSO,REFERENCE,V3-ELIT,25,10,6000,6000,27,68.0,3.0303030303030303,True,0.0016666666666666668,265848,35644,41.955197874922305,3.13.15,2.5.1,test,large,optimum
scpd2,BPSO,REFERENCE,V3-ELIT,26,10,6000,6000,596,67.0,1.5151515151515151,True,0.0016666666666666668,254477,34510,39.840185791719705,3.13.15,2.5.1,test,large,optimum
scpd2,BPSO,REFERENCE,V3-ELIT,27,10,6000,6000,107,67.0,1.5151515151515151,True,0.0016666666666666668,252892,34437,40.433640791103244,3.13.15,2.5.1,test,large,optimum
scpd2,BPSO,REFERENCE,V3-ELIT,28,10,6000,6000,25,68.0,3.0303030303030303,True,0.0016666666666666668,274839,34315,43.8838517498225,3.13.15,2.5.1,test,large,optimum
scpd2,BPSO,REFERENCE,V3-ELIT,29,10,6000,6000,23,68.0,3.0303030303030303,True,0.0016666666666666668,267509,35967,42.992679791059345,3.13.15,2.5.1,test,large,optimum
scpd2,BPSO,REFERENCE,V3-ELIT,3,10,6000,6000,2080,67.0,1.5151515151515151,True,0.0016666666666666668,257082,36802,41.224002624861896,3.13.15,2.5.1,test,large,optimum
scpd2,BPSO,REFERENCE,V3-ELIT,30,10,6000,6000,28,67.0,1.5151515151515151,True,0.0016666666666666668,253535,34320,40.568381333258,3.13.15,2.5.1,test,large,optimum
scpd2,BPSO,REFERENCE,V3-ELIT,4,10,6000,6000,34,67.0,1.5151515151515151,True,0.0016666666666666668,254579,32505,41.799568499904126,3.13.15,2.5.1,test,large,optimum
scpd2,BPSO,REFERENCE,V3-ELIT,5,10,6000,6000,762,67.0,1.5151515151515151,True,0.0016666666666666668,254779,35443,40.50619016587734,3.13.15,2.5.1,test,large,optimum
scpd2,BPSO,REFERENCE,V3-ELIT,6,10,6000,6000,35,68.0,3.0303030303030303,True,0.0016666666666666668,253363,36232,39.76235670922324,3.13.15,2.5.1,test,large,optimum
scpd2,BPSO,REFERENCE,V3-ELIT,7,10,6000,6000,52,67.0,1.5151515151515151,True,0.0016666666666666668,253340,34282,41.109926166944206,3.13.15,2.5.1,test,large,optimum
scpd2,BPSO,REFERENCE,V3-ELIT,8,10,6000,6000,1375,67.0,1.5151515151515151,True,0.0016666666666666668,257516,35204,41.48763879109174,3.13.15,2.5.1,test,large,optimum
scpd2,BPSO,REFERENCE,V3-ELIT,9,10,6000,6000,102,67.0,1.5151515151515151,True,0.0016666666666666668,248851,37314,39.92616791697219,3.13.15,2.5.1,test,large,optimum
scpd2,BPWO,PWO,S2-ELIT,0,10,6000,6000,44,67.0,1.5151515151515151,True,0.0016666666666666668,81068,26741,17.727279666811228,3.13.15,2.5.1,test,large,optimum
scpd2,BPWO,PWO,S2-ELIT,1,10,6000,6000,864,67.0,1.5151515151515151,True,0.0016666666666666668,83006,27280,18.01439591590315,3.13.15,2.5.1,test,large,optimum
scpd2,BPWO,PWO,S2-ELIT,10,10,6000,6000,937,67.0,1.5151515151515151,True,0.0016666666666666668,81539,27268,18.315161667298526,3.13.15,2.5.1,test,large,optimum
scpd2,BPWO,PWO,S2-ELIT,11,10,6000,6000,528,67.0,1.5151515151515151,True,0.0016666666666666668,83265,27324,20.042053875047714,3.13.15,2.5.1,test,large,optimum
scpd2,BPWO,PWO,S2-ELIT,12,10,6000,6000,45,67.0,1.5151515151515151,True,0.0016666666666666668,80654,26545,18.95240258425474,3.13.15,2.5.1,test,large,optimum
scpd2,BPWO,PWO,S2-ELIT,13,10,6000,6000,2362,67.0,1.5151515151515151,True,0.0016666666666666668,81468,27152,19.157755208201706,3.13.15,2.5.1,test,large,optimum
scpd2,BPWO,PWO,S2-ELIT,14,10,6000,6000,110,67.0,1.5151515151515151,True,0.0016666666666666668,82406,27920,18.554517917335033,3.13.15,2.5.1,test,large,optimum
scpd2,BPWO,PWO,S2-ELIT,15,10,6000,6000,1250,67.0,1.5151515151515151,True,0.0016666666666666668,82149,27968,19.648659375030547,3.13.15,2.5.1,test,large,optimum
scpd2,BPWO,PWO,S2-ELIT,16,10,6000,6000,371,67.0,1.5151515151515151,True,0.0016666666666666668,81049,26777,18.07204558281228,3.13.15,2.5.1,test,large,optimum
scpd2,BPWO,PWO,S2-ELIT,17,10,6000,6000,5509,67.0,1.5151515151515151,True,0.0016666666666666668,82000,27854,18.156616665888578,3.13.15,2.5.1,test,large,optimum
scpd2,BPWO,PWO,S2-ELIT,18,10,6000,6000,1764,67.0,1.5151515151515151,True,0.0016666666666666668,82618,27505,18.496455790940672,3.13.15,2.5.1,test,large,optimum
scpd2,BPWO,PWO,S2-ELIT,19,10,6000,6000,1987,67.0,1.5151515151515151,True,0.0016666666666666668,82176,27406,19.056591250002384,3.13.15,2.5.1,test,large,optimum
scpd2,BPWO,PWO,S2-ELIT,2,10,6000,6000,568,67.0,1.5151515151515151,True,0.0016666666666666668,82431,28088,19.258360874839127,3.13.15,2.5.1,test,large,optimum
scpd2,BPWO,PWO,S2-ELIT,20,10,6000,6000,391,67.0,1.5151515151515151,True,0.0016666666666666668,81342,27246,17.95821008319035,3.13.15,2.5.1,test,large,optimum
scpd2,BPWO,PWO,S2-ELIT,21,10,6000,6000,3003,67.0,1.5151515151515151,True,0.0016666666666666668,82771,28255,18.554613249842077,3.13.15,2.5.1,test,large,optimum
scpd2,BPWO,PWO,S2-ELIT,22,10,6000,6000,257,67.0,1.5151515151515151,True,0.0016666666666666668,83257,27525,18.76883766707033,3.13.15,2.5.1,test,large,optimum
scpd2,BPWO,PWO,S2-ELIT,23,10,6000,6000,2144,67.0,1.5151515151515151,True,0.0016666666666666668,82986,27282,18.575112957973033,3.13.15,2.5.1,test,large,optimum
scpd2,BPWO,PWO,S2-ELIT,24,10,6000,6000,526,67.0,1.5151515151515151,True,0.0016666666666666668,80739,26771,18.34211958386004,3.13.15,2.5.1,test,large,optimum
scpd2,BPWO,PWO,S2-ELIT,25,10,6000,6000,4548,67.0,1.5151515151515151,True,0.0016666666666666668,82728,28501,18.29839058406651,3.13.15,2.5.1,test,large,optimum
scpd2,BPWO,PWO,S2-ELIT,26,10,6000,6000,126,67.0,1.5151515151515151,True,0.0016666666666666668,80582,26792,18.77514849975705,3.13.15,2.5.1,test,large,optimum
scpd2,BPWO,PWO,S2-ELIT,27,10,6000,6000,1292,67.0,1.5151515151515151,True,0.0016666666666666668,82256,27511,18.817277792375535,3.13.15,2.5.1,test,large,optimum
scpd2,BPWO,PWO,S2-ELIT,28,10,6000,6000,255,66.0,0.0,True,0.0016666666666666668,84702,30184,18.834487417247146,3.13.15,2.5.1,test,large,optimum
scpd2,BPWO,PWO,S2-ELIT,29,10,6000,6000,30,68.0,3.0303030303030303,True,0.0016666666666666668,83364,29069,18.507243167143315,3.13.15,2.5.1,test,large,optimum
scpd2,BPWO,PWO,S2-ELIT,3,10,6000,6000,604,66.0,0.0,True,0.0016666666666666668,84283,30036,19.185554834082723,3.13.15,2.5.1,test,large,optimum
scpd2,BPWO,PWO,S2-ELIT,30,10,6000,6000,73,67.0,1.5151515151515151,True,0.0016666666666666668,80944,26942,18.679810874629766,3.13.15,2.5.1,test,large,optimum
scpd2,BPWO,PWO,S2-ELIT,4,10,6000,6000,5201,67.0,1.5151515151515151,True,0.0016666666666666668,82560,28676,19.897371667437255,3.13.15,2.5.1,test,large,optimum
scpd2,BPWO,PWO,S2-ELIT,5,10,6000,6000,1037,67.0,1.5151515151515151,True,0.0016666666666666668,80909,26910,18.262528082821518,3.13.15,2.5.1,test,large,optimum
scpd2,BPWO,PWO,S2-ELIT,6,10,6000,6000,3172,67.0,1.5151515151515151,True,0.0016666666666666668,82675,28272,18.83486224990338,3.13.15,2.5.1,test,large,optimum
scpd2,BPWO,PWO,S2-ELIT,7,10,6000,6000,274,66.0,0.0,True,0.0016666666666666668,84430,29892,19.576735166832805,3.13.15,2.5.1,test,large,optimum
scpd2,BPWO,PWO,S2-ELIT,8,10,6000,6000,90,67.0,1.5151515151515151,True,0.0016666666666666668,81319,27288,19.46987754199654,3.13.15,2.5.1,test,large,optimum
scpd2,BPWO,PWO,S2-ELIT,9,10,6000,6000,406,67.0,1.5151515151515151,True,0.0016666666666666668,81962,27014,18.999726499896497,3.13.15,2.5.1,test,large,optimum
scpd2,BPWO,PWO,V3-ELIT,0,10,6000,6000,611,67.0,1.5151515151515151,True,0.0016666666666666668,88522,27469,17.92836087476462,3.13.15,2.5.1,test,large,optimum
scpd2,BPWO,PWO,V3-ELIT,1,10,6000,6000,37,67.0,1.5151515151515151,True,0.0016666666666666668,88911,27936,19.06652716593817,3.13.15,2.5.1,test,large,optimum
scpd2,BPWO,PWO,V3-ELIT,10,10,6000,6000,236,67.0,1.5151515151515151,True,0.0016666666666666668,88653,27699,20.018728707917035,3.13.15,2.5.1,test,large,optimum
scpd2,BPWO,PWO,V3-ELIT,11,10,6000,6000,305,67.0,1.5151515151515151,True,0.0016666666666666668,87867,27253,19.161120167002082,3.13.15,2.5.1,test,large,optimum
scpd2,BPWO,PWO,V3-ELIT,12,10,6000,6000,50,67.0,1.5151515151515151,True,0.0016666666666666668,87306,26660,18.515645042061806,3.13.15,2.5.1,test,large,optimum
scpd2,BPWO,PWO,V3-ELIT,13,10,6000,6000,325,67.0,1.5151515151515151,True,0.0016666666666666668,87833,27399,19.46632904186845,3.13.15,2.5.1,test,large,optimum
scpd2,BPWO,PWO,V3-ELIT,14,10,6000,6000,81,67.0,1.5151515151515151,True,0.0016666666666666668,87612,27334,20.150583083275706,3.13.15,2.5.1,test,large,optimum
scpd2,BPWO,PWO,V3-ELIT,15,10,6000,6000,132,67.0,1.5151515151515151,True,0.0016666666666666668,89757,28481,19.046297874767333,3.13.15,2.5.1,test,large,optimum
scpd2,BPWO,PWO,V3-ELIT,16,10,6000,6000,530,67.0,1.5151515151515151,True,0.0016666666666666668,88393,27377,19.080354708246887,3.13.15,2.5.1,test,large,optimum
scpd2,BPWO,PWO,V3-ELIT,17,10,6000,6000,47,67.0,1.5151515151515151,True,0.0016666666666666668,87643,27508,20.208186875097454,3.13.15,2.5.1,test,large,optimum
scpd2,BPWO,PWO,V3-ELIT,18,10,6000,6000,199,67.0,1.5151515151515151,True,0.0016666666666666668,87868,27776,20.566654291935265,3.13.15,2.5.1,test,large,optimum
scpd2,BPWO,PWO,V3-ELIT,19,10,6000,6000,978,67.0,1.5151515151515151,True,0.0016666666666666668,87828,27584,19.596946957986802,3.13.15,2.5.1,test,large,optimum
scpd2,BPWO,PWO,V3-ELIT,2,10,6000,6000,114,67.0,1.5151515151515151,True,0.0016666666666666668,87484,27280,18.82053816737607,3.13.15,2.5.1,test,large,optimum
scpd2,BPWO,PWO,V3-ELIT,20,10,6000,6000,1381,67.0,1.5151515151515151,True,0.0016666666666666668,88710,27861,19.13707833411172,3.13.15,2.5.1,test,large,optimum
scpd2,BPWO,PWO,V3-ELIT,21,10,6000,6000,2776,67.0,1.5151515151515151,True,0.0016666666666666668,88496,28149,20.290403583087027,3.13.15,2.5.1,test,large,optimum
scpd2,BPWO,PWO,V3-ELIT,22,10,6000,6000,88,67.0,1.5151515151515151,True,0.0016666666666666668,87520,28022,20.28987304121256,3.13.15,2.5.1,test,large,optimum
scpd2,BPWO,PWO,V3-ELIT,23,10,6000,6000,41,67.0,1.5151515151515151,True,0.0016666666666666668,88217,27339,20.23131391685456,3.13.15,2.5.1,test,large,optimum
scpd2,BPWO,PWO,V3-ELIT,24,10,6000,6000,75,67.0,1.5151515151515151,True,0.0016666666666666668,88581,27494,18.98628587508574,3.13.15,2.5.1,test,large,optimum
scpd2,BPWO,PWO,V3-ELIT,25,10,6000,6000,181,67.0,1.5151515151515151,True,0.0016666666666666668,88257,27613,20.794033833313733,3.13.15,2.5.1,test,large,optimum
scpd2,BPWO,PWO,V3-ELIT,26,10,6000,6000,371,67.0,1.5151515151515151,True,0.0016666666666666668,90508,27902,20.168707999866456,3.13.15,2.5.1,test,large,optimum
scpd2,BPWO,PWO,V3-ELIT,27,10,6000,6000,733,67.0,1.5151515151515151,True,0.0016666666666666668,88369,27595,19.978529250249267,3.13.15,2.5.1,test,large,optimum
scpd2,BPWO,PWO,V3-ELIT,28,10,6000,6000,42,67.0,1.5151515151515151,True,0.0016666666666666668,87990,27525,18.29263975005597,3.13.15,2.5.1,test,large,optimum
scpd2,BPWO,PWO,V3-ELIT,29,10,6000,6000,738,67.0,1.5151515151515151,True,0.0016666666666666668,87640,27277,20.062623790930957,3.13.15,2.5.1,test,large,optimum
scpd2,BPWO,PWO,V3-ELIT,3,10,6000,6000,1377,67.0,1.5151515151515151,True,0.0016666666666666668,89067,27680,19.639760291203856,3.13.15,2.5.1,test,large,optimum
scpd2,BPWO,PWO,V3-ELIT,30,10,6000,6000,479,67.0,1.5151515151515151,True,0.0016666666666666668,88345,27807,19.556257041171193,3.13.15,2.5.1,test,large,optimum
scpd2,BPWO,PWO,V3-ELIT,4,10,6000,6000,141,66.0,0.0,True,0.0016666666666666668,92954,31124,18.69600349990651,3.13.15,2.5.1,test,large,optimum
scpd2,BPWO,PWO,V3-ELIT,5,10,6000,6000,283,67.0,1.5151515151515151,True,0.0016666666666666668,89613,28311,19.228478042408824,3.13.15,2.5.1,test,large,optimum
scpd2,BPWO,PWO,V3-ELIT,6,10,6000,6000,184,67.0,1.5151515151515151,True,0.0016666666666666668,88097,27482,19.4318094169721,3.13.15,2.5.1,test,large,optimum
scpd2,BPWO,PWO,V3-ELIT,7,10,6000,6000,655,67.0,1.5151515151515151,True,0.0016666666666666668,87839,27615,19.35091624967754,3.13.15,2.5.1,test,large,optimum
scpd2,BPWO,PWO,V3-ELIT,8,10,6000,6000,682,67.0,1.5151515151515151,True,0.0016666666666666668,88146,27818,18.348789958748966,3.13.15,2.5.1,test,large,optimum
scpd2,BPWO,PWO,V3-ELIT,9,10,6000,6000,408,67.0,1.5151515151515151,True,0.0016666666666666668,88133,27477,19.07975379191339,3.13.15,2.5.1,test,large,optimum
scpd2,GREEDY,N/A,N/A,N/A,N/A,1,1,1,71.0,7.575757575757576,True,N/A,51,3,0.008391749579459429,3.13.15,2.5.1,test,large,optimum
scpnre2,ABLATION_IID,IID,V3-ELIT,0,10,6000,6000,136,30.0,0.0,True,0.0016666666666666668,108539,31439,38.53294933307916,3.13.15,2.5.1,test,large,optimum
scpnre2,ABLATION_IID,IID,V3-ELIT,1,10,6000,6000,143,30.0,0.0,True,0.0016666666666666668,108038,31557,39.360671082977206,3.13.15,2.5.1,test,large,optimum
scpnre2,ABLATION_IID,IID,V3-ELIT,10,10,6000,6000,42,30.0,0.0,True,0.0016666666666666668,107080,31351,40.17667050007731,3.13.15,2.5.1,test,large,optimum
scpnre2,ABLATION_IID,IID,V3-ELIT,11,10,6000,6000,196,30.0,0.0,True,0.0016666666666666668,107942,31664,40.62041454203427,3.13.15,2.5.1,test,large,optimum
scpnre2,ABLATION_IID,IID,V3-ELIT,12,10,6000,6000,120,31.0,3.3333333333333335,True,0.0016666666666666668,111427,31528,40.033212415874004,3.13.15,2.5.1,test,large,optimum
scpnre2,ABLATION_IID,IID,V3-ELIT,13,10,6000,6000,45,30.0,0.0,True,0.0016666666666666668,108000,31089,41.50308395829052,3.13.15,2.5.1,test,large,optimum
scpnre2,ABLATION_IID,IID,V3-ELIT,14,10,6000,6000,48,31.0,3.3333333333333335,True,0.0016666666666666668,111195,31200,40.29779858421534,3.13.15,2.5.1,test,large,optimum
scpnre2,ABLATION_IID,IID,V3-ELIT,15,10,6000,6000,384,30.0,0.0,True,0.0016666666666666668,108462,31736,40.35189516702667,3.13.15,2.5.1,test,large,optimum
scpnre2,ABLATION_IID,IID,V3-ELIT,16,10,6000,6000,47,30.0,0.0,True,0.0016666666666666668,108454,31674,41.16295604174957,3.13.15,2.5.1,test,large,optimum
scpnre2,ABLATION_IID,IID,V3-ELIT,17,10,6000,6000,131,30.0,0.0,True,0.0016666666666666668,107853,31575,40.90998495789245,3.13.15,2.5.1,test,large,optimum
scpnre2,ABLATION_IID,IID,V3-ELIT,18,10,6000,6000,290,30.0,0.0,True,0.0016666666666666668,108164,31573,39.67142354231328,3.13.15,2.5.1,test,large,optimum
scpnre2,ABLATION_IID,IID,V3-ELIT,19,10,6000,6000,2297,30.0,0.0,True,0.0016666666666666668,109640,31881,39.606645290739834,3.13.15,2.5.1,test,large,optimum
scpnre2,ABLATION_IID,IID,V3-ELIT,2,10,6000,6000,40,31.0,3.3333333333333335,True,0.0016666666666666668,110673,31930,40.07558008329943,3.13.15,2.5.1,test,large,optimum
scpnre2,ABLATION_IID,IID,V3-ELIT,20,10,6000,6000,1199,30.0,0.0,True,0.0016666666666666668,108822,31560,41.43624308286235,3.13.15,2.5.1,test,large,optimum
scpnre2,ABLATION_IID,IID,V3-ELIT,21,10,6000,6000,111,30.0,0.0,True,0.0016666666666666668,108462,31522,40.92502604192123,3.13.15,2.5.1,test,large,optimum
scpnre2,ABLATION_IID,IID,V3-ELIT,22,10,6000,6000,117,30.0,0.0,True,0.0016666666666666668,108373,31593,40.184929333627224,3.13.15,2.5.1,test,large,optimum
scpnre2,ABLATION_IID,IID,V3-ELIT,23,10,6000,6000,69,30.0,0.0,True,0.0016666666666666668,107981,31685,39.596666417084634,3.13.15,2.5.1,test,large,optimum
scpnre2,ABLATION_IID,IID,V3-ELIT,24,10,6000,6000,763,30.0,0.0,True,0.0016666666666666668,108521,31819,40.46026191720739,3.13.15,2.5.1,test,large,optimum
scpnre2,ABLATION_IID,IID,V3-ELIT,25,10,6000,6000,281,30.0,0.0,True,0.0016666666666666668,108312,31338,40.183041042182595,3.13.15,2.5.1,test,large,optimum
scpnre2,ABLATION_IID,IID,V3-ELIT,26,10,6000,6000,3496,30.0,0.0,True,0.0016666666666666668,111087,31837,40.301186666823924,3.13.15,2.5.1,test,large,optimum
scpnre2,ABLATION_IID,IID,V3-ELIT,27,10,6000,6000,44,30.0,0.0,True,0.0016666666666666668,107662,31363,40.00715733412653,3.13.15,2.5.1,test,large,optimum
scpnre2,ABLATION_IID,IID,V3-ELIT,28,10,6000,6000,50,30.0,0.0,True,0.0016666666666666668,108148,31396,40.744470458012074,3.13.15,2.5.1,test,large,optimum
scpnre2,ABLATION_IID,IID,V3-ELIT,29,10,6000,6000,417,30.0,0.0,True,0.0016666666666666668,107980,31826,40.36287195794284,3.13.15,2.5.1,test,large,optimum
scpnre2,ABLATION_IID,IID,V3-ELIT,3,10,6000,6000,481,31.0,3.3333333333333335,True,0.0016666666666666668,110602,31526,39.91432508267462,3.13.15,2.5.1,test,large,optimum
scpnre2,ABLATION_IID,IID,V3-ELIT,30,10,6000,6000,391,30.0,0.0,True,0.0016666666666666668,107929,31308,40.279934249818325,3.13.15,2.5.1,test,large,optimum
scpnre2,ABLATION_IID,IID,V3-ELIT,4,10,6000,6000,444,30.0,0.0,True,0.0016666666666666668,108438,31354,39.69421850005165,3.13.15,2.5.1,test,large,optimum
scpnre2,ABLATION_IID,IID,V3-ELIT,5,10,6000,6000,113,31.0,3.3333333333333335,True,0.0016666666666666668,110403,30895,40.50317020807415,3.13.15,2.5.1,test,large,optimum
scpnre2,ABLATION_IID,IID,V3-ELIT,6,10,6000,6000,79,30.0,0.0,True,0.0016666666666666668,107927,31459,39.72213341621682,3.13.15,2.5.1,test,large,optimum
scpnre2,ABLATION_IID,IID,V3-ELIT,7,10,6000,6000,5132,30.0,0.0,True,0.0016666666666666668,111991,30955,40.03769833408296,3.13.15,2.5.1,test,large,optimum
scpnre2,ABLATION_IID,IID,V3-ELIT,8,10,6000,6000,203,31.0,3.3333333333333335,True,0.0016666666666666668,111180,31580,40.329041459131986,3.13.15,2.5.1,test,large,optimum
scpnre2,ABLATION_IID,IID,V3-ELIT,9,10,6000,6000,5134,30.0,0.0,True,0.0016666666666666668,111492,31745,40.33611933328211,3.13.15,2.5.1,test,large,optimum
scpnre2,BGWO,REFERENCE,V3-ELIT,0,10,6000,6000,150,31.0,3.3333333333333335,True,0.0016666666666666668,59574,28356,31.880574916955084,3.13.15,2.5.1,test,large,optimum
scpnre2,BGWO,REFERENCE,V3-ELIT,1,10,6000,6000,483,31.0,3.3333333333333335,True,0.0016666666666666668,59457,29013,31.52057583257556,3.13.15,2.5.1,test,large,optimum
scpnre2,BGWO,REFERENCE,V3-ELIT,10,10,6000,6000,651,31.0,3.3333333333333335,True,0.0018333333333333333,58121,28068,30.7068162499927,3.13.15,2.5.1,test,large,optimum
scpnre2,BGWO,REFERENCE,V3-ELIT,11,10,6000,6000,2752,30.0,0.0,True,0.0018333333333333333,56550,28338,31.328828915953636,3.13.15,2.5.1,test,large,optimum
scpnre2,BGWO,REFERENCE,V3-ELIT,12,10,6000,6000,1465,30.0,0.0,True,0.0016666666666666668,54460,27614,31.02356500038877,3.13.15,2.5.1,test,large,optimum
scpnre2,BGWO,REFERENCE,V3-ELIT,13,10,6000,6000,74,30.0,0.0,True,0.002,52648,26900,31.08715745806694,3.13.15,2.5.1,test,large,optimum
scpnre2,BGWO,REFERENCE,V3-ELIT,14,10,6000,6000,1695,30.0,0.0,True,0.0016666666666666668,54646,27305,31.38253837497905,3.13.15,2.5.1,test,large,optimum
scpnre2,BGWO,REFERENCE,V3-ELIT,15,10,6000,6000,1103,30.0,0.0,True,0.0018333333333333333,54241,27595,32.03229966619983,3.13.15,2.5.1,test,large,optimum
scpnre2,BGWO,REFERENCE,V3-ELIT,16,10,6000,6000,43,32.0,6.666666666666667,True,0.0016666666666666668,58021,26832,30.52761095808819,3.13.15,2.5.1,test,large,optimum
scpnre2,BGWO,REFERENCE,V3-ELIT,17,10,6000,6000,39,31.0,3.3333333333333335,True,0.0016666666666666668,59990,29101,31.218193291220814,3.13.15,2.5.1,test,large,optimum
scpnre2,BGWO,REFERENCE,V3-ELIT,18,10,6000,6000,74,30.0,0.0,True,0.0021666666666666666,53203,27104,31.717693584039807,3.13.15,2.5.1,test,large,optimum
scpnre2,BGWO,REFERENCE,V3-ELIT,19,10,6000,6000,251,30.0,0.0,True,0.0016666666666666668,53123,27052,31.97857787506655,3.13.15,2.5.1,test,large,optimum
scpnre2,BGWO,REFERENCE,V3-ELIT,2,10,6000,6000,189,30.0,0.0,True,0.0018333333333333333,53080,27048,30.945754957851022,3.13.15,2.5.1,test,large,optimum
scpnre2,BGWO,REFERENCE,V3-ELIT,20,10,6000,6000,950,30.0,0.0,True,0.0016666666666666668,53602,27551,30.69832941610366,3.13.15,2.5.1,test,large,optimum
scpnre2,BGWO,REFERENCE,V3-ELIT,21,10,6000,6000,251,30.0,0.0,True,0.0016666666666666668,52983,27231,31.14191758306697,3.13.15,2.5.1,test,large,optimum
scpnre2,BGWO,REFERENCE,V3-ELIT,22,10,6000,6000,558,31.0,3.3333333333333335,True,0.0018333333333333333,59633,29508,31.718970667105168,3.13.15,2.5.1,test,large,optimum
scpnre2,BGWO,REFERENCE,V3-ELIT,23,10,6000,6000,71,30.0,0.0,True,0.002,52702,26947,31.48505274998024,3.13.15,2.5.1,test,large,optimum
scpnre2,BGWO,REFERENCE,V3-ELIT,24,10,6000,6000,25,31.0,3.3333333333333335,True,0.0016666666666666668,58973,28968,30.655758417211473,3.13.15,2.5.1,test,large,optimum
scpnre2,BGWO,REFERENCE,V3-ELIT,25,10,6000,6000,53,30.0,0.0,True,0.0016666666666666668,53117,27286,31.5747457081452,3.13.15,2.5.1,test,large,optimum
scpnre2,BGWO,REFERENCE,V3-ELIT,26,10,6000,6000,795,30.0,0.0,True,0.002,53547,27334,31.621597458142787,3.13.15,2.5.1,test,large,optimum
scpnre2,BGWO,REFERENCE,V3-ELIT,27,10,6000,6000,77,30.0,0.0,True,0.0018333333333333333,52596,27068,31.715930334292352,3.13.15,2.5.1,test,large,optimum
scpnre2,BGWO,REFERENCE,V3-ELIT,28,10,6000,6000,865,31.0,3.3333333333333335,True,0.0018333333333333333,59754,28712,31.316200332716107,3.13.15,2.5.1,test,large,optimum
scpnre2,BGWO,REFERENCE,V3-ELIT,29,10,6000,6000,2353,30.0,0.0,True,0.0016666666666666668,54993,28104,32.85286075016484,3.13.15,2.5.1,test,large,optimum
scpnre2,BGWO,REFERENCE,V3-ELIT,3,10,6000,6000,1598,31.0,3.3333333333333335,True,0.0016666666666666668,60164,28639,31.913214084226638,3.13.15,2.5.1,test,large,optimum
scpnre2,BGWO,REFERENCE,V3-ELIT,30,10,6000,6000,587,30.0,0.0,True,0.0018333333333333333,53322,27165,32.67743004206568,3.13.15,2.5.1,test,large,optimum
scpnre2,BGWO,REFERENCE,V3-ELIT,4,10,6000,6000,153,30.0,0.0,True,0.0018333333333333333,52989,27336,30.98401883384213,3.13.15,2.5.1,test,large,optimum
scpnre2,BGWO,REFERENCE,V3-ELIT,5,10,6000,6000,2503,31.0,3.3333333333333335,True,0.002,58919,28077,31.787923040799797,3.13.15,2.5.1,test,large,optimum
scpnre2,BGWO,REFERENCE,V3-ELIT,6,10,6000,6000,264,31.0,3.3333333333333335,True,0.0016666666666666668,60520,29554,31.575440417043865,3.13.15,2.5.1,test,large,optimum
scpnre2,BGWO,REFERENCE,V3-ELIT,7,10,6000,6000,24,31.0,3.3333333333333335,True,0.0016666666666666668,57358,28666,31.848113040905446,3.13.15,2.5.1,test,large,optimum
scpnre2,BGWO,REFERENCE,V3-ELIT,8,10,6000,6000,389,31.0,3.3333333333333335,True,0.0018333333333333333,59922,29407,31.70152712520212,3.13.15,2.5.1,test,large,optimum
scpnre2,BGWO,REFERENCE,V3-ELIT,9,10,6000,6000,35,30.0,0.0,True,0.0016666666666666668,52915,27128,31.081857583019882,3.13.15,2.5.1,test,large,optimum
scpnre2,BPSO,REFERENCE,V3-ELIT,0,10,6000,6000,109,31.0,3.3333333333333335,True,0.0016666666666666668,124765,32474,43.234148416202515,3.13.15,2.5.1,test,large,optimum
scpnre2,BPSO,REFERENCE,V3-ELIT,1,10,6000,6000,207,30.0,0.0,True,0.0016666666666666668,132370,34028,46.38049754081294,3.13.15,2.5.1,test,large,optimum
scpnre2,BPSO,REFERENCE,V3-ELIT,10,10,6000,6000,309,31.0,3.3333333333333335,True,0.0016666666666666668,126442,31583,43.96767554106191,3.13.15,2.5.1,test,large,optimum
scpnre2,BPSO,REFERENCE,V3-ELIT,11,10,6000,6000,80,30.0,0.0,True,0.0016666666666666668,132593,33743,45.561709749978036,3.13.15,2.5.1,test,large,optimum
scpnre2,BPSO,REFERENCE,V3-ELIT,12,10,6000,6000,393,31.0,3.3333333333333335,True,0.0016666666666666668,125851,31798,44.52393024973571,3.13.15,2.5.1,test,large,optimum
scpnre2,BPSO,REFERENCE,V3-ELIT,13,10,6000,6000,736,30.0,0.0,True,0.0016666666666666668,132219,33949,45.512904250063,3.13.15,2.5.1,test,large,optimum
scpnre2,BPSO,REFERENCE,V3-ELIT,14,10,6000,6000,149,31.0,3.3333333333333335,True,0.0016666666666666668,126097,33139,43.07395737525076,3.13.15,2.5.1,test,large,optimum
scpnre2,BPSO,REFERENCE,V3-ELIT,15,10,6000,6000,261,31.0,3.3333333333333335,True,0.0016666666666666668,126670,32457,43.63587654102594,3.13.15,2.5.1,test,large,optimum
scpnre2,BPSO,REFERENCE,V3-ELIT,16,10,6000,6000,19,31.0,3.3333333333333335,True,0.0016666666666666668,124511,34381,43.47434812504798,3.13.15,2.5.1,test,large,optimum
scpnre2,BPSO,REFERENCE,V3-ELIT,17,10,6000,6000,5134,30.0,0.0,True,0.0016666666666666668,124533,34890,42.279188208281994,3.13.15,2.5.1,test,large,optimum
scpnre2,BPSO,REFERENCE,V3-ELIT,18,10,6000,6000,76,30.0,0.0,True,0.0016666666666666668,133092,33666,45.54180545778945,3.13.15,2.5.1,test,large,optimum
scpnre2,BPSO,REFERENCE,V3-ELIT,19,10,6000,6000,49,31.0,3.3333333333333335,True,0.0016666666666666668,123482,32669,44.25994600029662,3.13.15,2.5.1,test,large,optimum
scpnre2,BPSO,REFERENCE,V3-ELIT,2,10,6000,6000,79,31.0,3.3333333333333335,True,0.0016666666666666668,126053,32577,43.154604624956846,3.13.15,2.5.1,test,large,optimum
scpnre2,BPSO,REFERENCE,V3-ELIT,20,10,6000,6000,199,30.0,0.0,True,0.0016666666666666668,132727,33781,45.534634250216186,3.13.15,2.5.1,test,large,optimum
scpnre2,BPSO,REFERENCE,V3-ELIT,21,10,6000,6000,103,31.0,3.3333333333333335,True,0.0016666666666666668,126526,32346,43.34900441719219,3.13.15,2.5.1,test,large,optimum
scpnre2,BPSO,REFERENCE,V3-ELIT,22,10,6000,6000,302,31.0,3.3333333333333335,True,0.0016666666666666668,126337,31839,43.21631674980745,3.13.15,2.5.1,test,large,optimum
scpnre2,BPSO,REFERENCE,V3-ELIT,23,10,6000,6000,41,31.0,3.3333333333333335,True,0.0016666666666666668,127180,33110,43.996574624907225,3.13.15,2.5.1,test,large,optimum
scpnre2,BPSO,REFERENCE,V3-ELIT,24,10,6000,6000,422,31.0,3.3333333333333335,True,0.0016666666666666668,126937,32605,43.96081779245287,3.13.15,2.5.1,test,large,optimum
scpnre2,BPSO,REFERENCE,V3-ELIT,25,10,6000,6000,160,30.0,0.0,True,0.0016666666666666668,132628,33818,45.24798774998635,3.13.15,2.5.1,test,large,optimum
scpnre2,BPSO,REFERENCE,V3-ELIT,26,10,6000,6000,488,30.0,0.0,True,0.0016666666666666668,132544,33812,45.32711612479761,3.13.15,2.5.1,test,large,optimum
scpnre2,BPSO,REFERENCE,V3-ELIT,27,10,6000,6000,66,31.0,3.3333333333333335,True,0.0016666666666666668,128437,31629,44.32519287476316,3.13.15,2.5.1,test,large,optimum
scpnre2,BPSO,REFERENCE,V3-ELIT,28,10,6000,6000,197,30.0,0.0,True,0.0016666666666666668,132093,33352,45.89274058304727,3.13.15,2.5.1,test,large,optimum
scpnre2,BPSO,REFERENCE,V3-ELIT,29,10,6000,6000,1181,31.0,3.3333333333333335,True,0.0016666666666666668,127667,34562,44.05930100008845,3.13.15,2.5.1,test,large,optimum
scpnre2,BPSO,REFERENCE,V3-ELIT,3,10,6000,6000,198,30.0,0.0,True,0.0016666666666666668,132553,33736,45.30849129194394,3.13.15,2.5.1,test,large,optimum
scpnre2,BPSO,REFERENCE,V3-ELIT,30,10,6000,6000,71,30.0,0.0,True,0.0016666666666666668,132323,33772,48.58747799973935,3.13.15,2.5.1,test,large,optimum
scpnre2,BPSO,REFERENCE,V3-ELIT,4,10,6000,6000,352,30.0,0.0,True,0.0016666666666666668,132557,33924,46.1123673748225,3.13.15,2.5.1,test,large,optimum
scpnre2,BPSO,REFERENCE,V3-ELIT,5,10,6000,6000,40,31.0,3.3333333333333335,True,0.0016666666666666668,117971,36205,41.167369458824396,3.13.15,2.5.1,test,large,optimum
scpnre2,BPSO,REFERENCE,V3-ELIT,6,10,6000,6000,34,31.0,3.3333333333333335,True,0.0016666666666666668,124389,33418,43.23368958290666,3.13.15,2.5.1,test,large,optimum
scpnre2,BPSO,REFERENCE,V3-ELIT,7,10,6000,6000,39,31.0,3.3333333333333335,True,0.0016666666666666668,127250,32577,43.8316541663371,3.13.15,2.5.1,test,large,optimum
scpnre2,BPSO,REFERENCE,V3-ELIT,8,10,6000,6000,87,30.0,0.0,True,0.0016666666666666668,132417,33587,46.0060205408372,3.13.15,2.5.1,test,large,optimum
scpnre2,BPSO,REFERENCE,V3-ELIT,9,10,6000,6000,55,31.0,3.3333333333333335,True,0.0016666666666666668,126559,32635,44.03573054168373,3.13.15,2.5.1,test,large,optimum
scpnre2,BPWO,PWO,S2-ELIT,0,10,6000,6000,52,30.0,0.0,True,0.0016666666666666668,45798,26405,27.847834500018507,3.13.15,2.5.1,test,large,optimum
scpnre2,BPWO,PWO,S2-ELIT,1,10,6000,6000,96,31.0,3.3333333333333335,True,0.0018333333333333333,51025,28299,27.899500540923327,3.13.15,2.5.1,test,large,optimum
scpnre2,BPWO,PWO,S2-ELIT,10,10,6000,6000,60,30.0,0.0,True,0.0016666666666666668,45601,26366,29.82017054175958,3.13.15,2.5.1,test,large,optimum
scpnre2,BPWO,PWO,S2-ELIT,11,10,6000,6000,54,31.0,3.3333333333333335,True,0.0018333333333333333,51146,28294,29.776198958046734,3.13.15,2.5.1,test,large,optimum
scpnre2,BPWO,PWO,S2-ELIT,12,10,6000,6000,38,31.0,3.3333333333333335,True,0.0016666666666666668,48052,27506,29.164815832860768,3.13.15,2.5.1,test,large,optimum
scpnre2,BPWO,PWO,S2-ELIT,13,10,6000,6000,156,30.0,0.0,True,0.0021666666666666666,45850,26155,29.404130375012755,3.13.15,2.5.1,test,large,optimum
scpnre2,BPWO,PWO,S2-ELIT,14,10,6000,6000,352,31.0,3.3333333333333335,True,0.002,48877,27234,30.158948834054172,3.13.15,2.5.1,test,large,optimum
scpnre2,BPWO,PWO,S2-ELIT,15,10,6000,6000,208,31.0,3.3333333333333335,True,0.0016666666666666668,49975,28625,29.949969707988203,3.13.15,2.5.1,test,large,optimum
scpnre2,BPWO,PWO,S2-ELIT,16,10,6000,6000,521,31.0,3.3333333333333335,True,0.002,49238,27166,29.208138375077397,3.13.15,2.5.1,test,large,optimum
scpnre2,BPWO,PWO,S2-ELIT,17,10,6000,6000,50,31.0,3.3333333333333335,True,0.0016666666666666668,50979,28221,29.270652833860368,3.13.15,2.5.1,test,large,optimum
scpnre2,BPWO,PWO,S2-ELIT,18,10,6000,6000,1607,31.0,3.3333333333333335,True,0.0016666666666666668,49834,27520,29.84819837519899,3.13.15,2.5.1,test,large,optimum
scpnre2,BPWO,PWO,S2-ELIT,19,10,6000,6000,733,30.0,0.0,True,0.0016666666666666668,46385,26847,29.472690040711313,3.13.15,2.5.1,test,large,optimum
scpnre2,BPWO,PWO,S2-ELIT,2,10,6000,6000,1510,31.0,3.3333333333333335,True,0.0016666666666666668,51482,28314,29.17769508296624,3.13.15,2.5.1,test,large,optimum
scpnre2,BPWO,PWO,S2-ELIT,20,10,6000,6000,61,32.0,6.666666666666667,True,0.002,48866,26518,28.690124167129397,3.13.15,2.5.1,test,large,optimum
scpnre2,BPWO,PWO,S2-ELIT,21,10,6000,6000,1135,31.0,3.3333333333333335,True,0.0023333333333333335,49625,27758,29.41913029225543,3.13.15,2.5.1,test,large,optimum
scpnre2,BPWO,PWO,S2-ELIT,22,10,6000,6000,647,30.0,0.0,True,0.0016666666666666668,46617,26753,29.40773587487638,3.13.15,2.5.1,test,large,optimum
scpnre2,BPWO,PWO,S2-ELIT,23,10,6000,6000,1144,31.0,3.3333333333333335,True,0.002,49994,27887,29.221051416825503,3.13.15,2.5.1,test,large,optimum
scpnre2,BPWO,PWO,S2-ELIT,24,10,6000,6000,29,32.0,6.666666666666667,True,0.0016666666666666668,49333,26962,29.35083558410406,3.13.15,2.5.1,test,large,optimum
scpnre2,BPWO,PWO,S2-ELIT,25,10,6000,6000,36,30.0,0.0,True,0.0018333333333333333,45293,26386,28.684325166977942,3.13.15,2.5.1,test,large,optimum
scpnre2,BPWO,PWO,S2-ELIT,26,10,6000,6000,2551,30.0,0.0,True,0.0018333333333333333,47926,27993,28.70979412458837,3.13.15,2.5.1,test,large,optimum
scpnre2,BPWO,PWO,S2-ELIT,27,10,6000,6000,64,31.0,3.3333333333333335,True,0.0018333333333333333,51810,28954,30.461458958219737,3.13.15,2.5.1,test,large,optimum
scpnre2,BPWO,PWO,S2-ELIT,28,10,6000,6000,714,31.0,3.3333333333333335,True,0.0018333333333333333,51710,28666,30.236925459001213,3.13.15,2.5.1,test,large,optimum
scpnre2,BPWO,PWO,S2-ELIT,29,10,6000,6000,44,31.0,3.3333333333333335,True,0.0021666666666666666,51144,30102,29.119090750347823,3.13.15,2.5.1,test,large,optimum
scpnre2,BPWO,PWO,S2-ELIT,3,10,6000,6000,36,30.0,0.0,True,0.0023333333333333335,45379,26617,29.2603827919811,3.13.15,2.5.1,test,large,optimum
scpnre2,BPWO,PWO,S2-ELIT,30,10,6000,6000,892,31.0,3.3333333333333335,True,0.0021666666666666666,49134,27801,29.092908957973123,3.13.15,2.5.1,test,large,optimum
scpnre2,BPWO,PWO,S2-ELIT,4,10,6000,6000,75,30.0,0.0,True,0.002,45510,26376,29.275547416880727,3.13.15,2.5.1,test,large,optimum
scpnre2,BPWO,PWO,S2-ELIT,5,10,6000,6000,1353,31.0,3.3333333333333335,True,0.002,50186,28095,29.06505766697228,3.13.15,2.5.1,test,large,optimum
scpnre2,BPWO,PWO,S2-ELIT,6,10,6000,6000,75,31.0,3.3333333333333335,True,0.002,51372,27764,29.910636249929667,3.13.15,2.5.1,test,large,optimum
scpnre2,BPWO,PWO,S2-ELIT,7,10,6000,6000,21,32.0,6.666666666666667,True,0.0016666666666666668,48967,26405,28.881086708046496,3.13.15,2.5.1,test,large,optimum
scpnre2,BPWO,PWO,S2-ELIT,8,10,6000,6000,979,31.0,3.3333333333333335,True,0.0016666666666666668,51430,28366,29.226408207789063,3.13.15,2.5.1,test,large,optimum
scpnre2,BPWO,PWO,S2-ELIT,9,10,6000,6000,43,31.0,3.3333333333333335,True,0.0021666666666666666,47815,27662,29.411362749990076,3.13.15,2.5.1,test,large,optimum
scpnre2,BPWO,PWO,V3-ELIT,0,10,6000,6000,907,30.0,0.0,True,0.0016666666666666668,51036,27122,28.14506300026551,3.13.15,2.5.1,test,large,optimum
scpnre2,BPWO,PWO,V3-ELIT,1,10,6000,6000,330,31.0,3.3333333333333335,True,0.0016666666666666668,54357,28059,28.123504790943116,3.13.15,2.5.1,test,large,optimum
scpnre2,BPWO,PWO,V3-ELIT,10,10,6000,6000,233,31.0,3.3333333333333335,True,0.0016666666666666668,51477,25531,29.51831345912069,3.13.15,2.5.1,test,large,optimum
scpnre2,BPWO,PWO,V3-ELIT,11,10,6000,6000,1580,30.0,0.0,True,0.0016666666666666668,51476,27844,29.766189749818295,3.13.15,2.5.1,test,large,optimum
scpnre2,BPWO,PWO,V3-ELIT,12,10,6000,6000,102,31.0,3.3333333333333335,True,0.002,54243,27832,29.679225374944508,3.13.15,2.5.1,test,large,optimum
scpnre2,BPWO,PWO,V3-ELIT,13,10,6000,6000,1877,30.0,0.0,True,0.0016666666666666668,50882,27017,29.25900141708553,3.13.15,2.5.1,test,large,optimum
scpnre2,BPWO,PWO,V3-ELIT,14,10,6000,6000,74,31.0,3.3333333333333335,True,0.0016666666666666668,54425,28040,29.597642249893397,3.13.15,2.5.1,test,large,optimum
scpnre2,BPWO,PWO,V3-ELIT,15,10,6000,6000,576,31.0,3.3333333333333335,True,0.002,54779,28142,30.009269875008613,3.13.15,2.5.1,test,large,optimum
scpnre2,BPWO,PWO,V3-ELIT,16,10,6000,6000,56,31.0,3.3333333333333335,True,0.0016666666666666668,54748,27869,29.55569695821032,3.13.15,2.5.1,test,large,optimum
scpnre2,BPWO,PWO,V3-ELIT,17,10,6000,6000,1286,31.0,3.3333333333333335,True,0.0018333333333333333,54865,29014,30.150712083093822,3.13.15,2.5.1,test,large,optimum
scpnre2,BPWO,PWO,V3-ELIT,18,10,6000,6000,599,30.0,0.0,True,0.0016666666666666668,50646,27142,29.65448687504977,3.13.15,2.5.1,test,large,optimum
scpnre2,BPWO,PWO,V3-ELIT,19,10,6000,6000,498,31.0,3.3333333333333335,True,0.0016666666666666668,53253,27675,29.517234291881323,3.13.15,2.5.1,test,large,optimum
scpnre2,BPWO,PWO,V3-ELIT,2,10,6000,6000,2319,31.0,3.3333333333333335,True,0.0016666666666666668,55002,28318,29.86151299998164,3.13.15,2.5.1,test,large,optimum
scpnre2,BPWO,PWO,V3-ELIT,20,10,6000,6000,531,30.0,0.0,True,0.0016666666666666668,50341,26826,29.938240209128708,3.13.15,2.5.1,test,large,optimum
scpnre2,BPWO,PWO,V3-ELIT,21,10,6000,6000,23,32.0,6.666666666666667,True,0.0016666666666666668,53576,26536,30.575736083090305,3.13.15,2.5.1,test,large,optimum
scpnre2,BPWO,PWO,V3-ELIT,22,10,6000,6000,199,30.0,0.0,True,0.0016666666666666668,50414,27035,29.376632374711335,3.13.15,2.5.1,test,large,optimum
scpnre2,BPWO,PWO,V3-ELIT,23,10,6000,6000,55,30.0,0.0,True,0.0018333333333333333,49897,26862,29.637496125418693,3.13.15,2.5.1,test,large,optimum
scpnre2,BPWO,PWO,V3-ELIT,24,10,6000,6000,1041,30.0,0.0,True,0.0016666666666666668,50797,27187,29.16475945804268,3.13.15,2.5.1,test,large,optimum
scpnre2,BPWO,PWO,V3-ELIT,25,10,6000,6000,71,31.0,3.3333333333333335,True,0.0016666666666666668,53003,27192,30.12421254068613,3.13.15,2.5.1,test,large,optimum
scpnre2,BPWO,PWO,V3-ELIT,26,10,6000,6000,303,31.0,3.3333333333333335,True,0.0016666666666666668,52903,28511,30.018116500228643,3.13.15,2.5.1,test,large,optimum
scpnre2,BPWO,PWO,V3-ELIT,27,10,6000,6000,700,31.0,3.3333333333333335,True,0.0016666666666666668,54402,28564,28.83958137501031,3.13.15,2.5.1,test,large,optimum
scpnre2,BPWO,PWO,V3-ELIT,28,10,6000,6000,1231,31.0,3.3333333333333335,True,0.0016666666666666668,56349,29304,29.68136129202321,3.13.15,2.5.1,test,large,optimum
scpnre2,BPWO,PWO,V3-ELIT,29,10,6000,6000,45,31.0,3.3333333333333335,True,0.0018333333333333333,55643,29945,30.313748749904335,3.13.15,2.5.1,test,large,optimum
scpnre2,BPWO,PWO,V3-ELIT,3,10,6000,6000,150,31.0,3.3333333333333335,True,0.0018333333333333333,53418,28790,30.23827916616574,3.13.15,2.5.1,test,large,optimum
scpnre2,BPWO,PWO,V3-ELIT,30,10,6000,6000,303,31.0,3.3333333333333335,True,0.0016666666666666668,54603,28723,30.346504042390734,3.13.15,2.5.1,test,large,optimum
scpnre2,BPWO,PWO,V3-ELIT,4,10,6000,6000,51,30.0,0.0,True,0.002,50413,26764,29.590545834042132,3.13.15,2.5.1,test,large,optimum
scpnre2,BPWO,PWO,V3-ELIT,5,10,6000,6000,78,30.0,0.0,True,0.0018333333333333333,50111,26898,29.79045333294198,3.13.15,2.5.1,test,large,optimum
scpnre2,BPWO,PWO,V3-ELIT,6,10,6000,6000,75,30.0,0.0,True,0.0018333333333333333,50107,26761,29.509529542177916,3.13.15,2.5.1,test,large,optimum
scpnre2,BPWO,PWO,V3-ELIT,7,10,6000,6000,60,30.0,0.0,True,0.0016666666666666668,50175,26836,29.68163612484932,3.13.15,2.5.1,test,large,optimum
scpnre2,BPWO,PWO,V3-ELIT,8,10,6000,6000,1298,31.0,3.3333333333333335,True,0.0018333333333333333,54089,28089,30.012238333001733,3.13.15,2.5.1,test,large,optimum
scpnre2,BPWO,PWO,V3-ELIT,9,10,6000,6000,361,30.0,0.0,True,0.0018333333333333333,50275,26779,29.721176499966532,3.13.15,2.5.1,test,large,optimum
scpnre2,GREEDY,N/A,N/A,N/A,N/A,1,1,1,32.0,6.666666666666667,True,N/A,32,4,0.01229158416390419,3.13.15,2.5.1,test,large,optimum
scpnrf2,ABLATION_IID,IID,V3-ELIT,0,10,6000,6000,28,15.0,0.0,True,0.0016666666666666668,58905,26151,35.94948954181746,3.13.15,2.5.1,test,large,optimum
scpnrf2,ABLATION_IID,IID,V3-ELIT,1,10,6000,6000,11,15.0,0.0,True,0.0016666666666666668,58854,26416,36.98769733402878,3.13.15,2.5.1,test,large,optimum
scpnrf2,ABLATION_IID,IID,V3-ELIT,10,10,6000,6000,45,15.0,0.0,True,0.0016666666666666668,58452,26232,35.9541597077623,3.13.15,2.5.1,test,large,optimum
scpnrf2,ABLATION_IID,IID,V3-ELIT,11,10,6000,6000,32,15.0,0.0,True,0.0016666666666666668,58918,26464,35.53853583429009,3.13.15,2.5.1,test,large,optimum
scpnrf2,ABLATION_IID,IID,V3-ELIT,12,10,6000,6000,20,15.0,0.0,True,0.0016666666666666668,58853,26140,36.20211062487215,3.13.15,2.5.1,test,large,optimum
scpnrf2,ABLATION_IID,IID,V3-ELIT,13,10,6000,6000,32,15.0,0.0,True,0.0016666666666666668,58742,25982,37.0187265840359,3.13.15,2.5.1,test,large,optimum
scpnrf2,ABLATION_IID,IID,V3-ELIT,14,10,6000,6000,21,15.0,0.0,True,0.0016666666666666668,58481,26372,35.271733957808465,3.13.15,2.5.1,test,large,optimum
scpnrf2,ABLATION_IID,IID,V3-ELIT,15,10,6000,6000,68,15.0,0.0,True,0.0016666666666666668,59103,26426,36.641335332766175,3.13.15,2.5.1,test,large,optimum
scpnrf2,ABLATION_IID,IID,V3-ELIT,16,10,6000,6000,37,15.0,0.0,True,0.0016666666666666668,58792,26322,37.711807624902576,3.13.15,2.5.1,test,large,optimum
scpnrf2,ABLATION_IID,IID,V3-ELIT,17,10,6000,6000,14,15.0,0.0,True,0.0016666666666666668,58652,26420,36.14027424994856,3.13.15,2.5.1,test,large,optimum
scpnrf2,ABLATION_IID,IID,V3-ELIT,18,10,6000,6000,50,15.0,0.0,True,0.0016666666666666668,58685,26270,36.05069800000638,3.13.15,2.5.1,test,large,optimum
scpnrf2,ABLATION_IID,IID,V3-ELIT,19,10,6000,6000,33,15.0,0.0,True,0.0016666666666666668,58698,26482,36.290017458144575,3.13.15,2.5.1,test,large,optimum
scpnrf2,ABLATION_IID,IID,V3-ELIT,2,10,6000,6000,53,15.0,0.0,True,0.0016666666666666668,59208,26363,36.41919254185632,3.13.15,2.5.1,test,large,optimum
scpnrf2,ABLATION_IID,IID,V3-ELIT,20,10,6000,6000,21,15.0,0.0,True,0.0016666666666666668,58447,26236,37.437738332897425,3.13.15,2.5.1,test,large,optimum
scpnrf2,ABLATION_IID,IID,V3-ELIT,21,10,6000,6000,30,15.0,0.0,True,0.0016666666666666668,58904,26100,35.46612249966711,3.13.15,2.5.1,test,large,optimum
scpnrf2,ABLATION_IID,IID,V3-ELIT,22,10,6000,6000,23,15.0,0.0,True,0.0016666666666666668,58460,26352,36.92882291600108,3.13.15,2.5.1,test,large,optimum
scpnrf2,ABLATION_IID,IID,V3-ELIT,23,10,6000,6000,27,15.0,0.0,True,0.0016666666666666668,58887,26388,35.629646125249565,3.13.15,2.5.1,test,large,optimum
scpnrf2,ABLATION_IID,IID,V3-ELIT,24,10,6000,6000,28,15.0,0.0,True,0.0016666666666666668,58507,26274,35.51311466610059,3.13.15,2.5.1,test,large,optimum
scpnrf2,ABLATION_IID,IID,V3-ELIT,25,10,6000,6000,57,15.0,0.0,True,0.0016666666666666668,59001,26350,36.02876324998215,3.13.15,2.5.1,test,large,optimum
scpnrf2,ABLATION_IID,IID,V3-ELIT,26,10,6000,6000,12,15.0,0.0,True,0.0016666666666666668,59312,26399,36.43060883274302,3.13.15,2.5.1,test,large,optimum
scpnrf2,ABLATION_IID,IID,V3-ELIT,27,10,6000,6000,54,15.0,0.0,True,0.0016666666666666668,58891,26027,36.523828874807805,3.13.15,2.5.1,test,large,optimum
scpnrf2,ABLATION_IID,IID,V3-ELIT,28,10,6000,6000,37,15.0,0.0,True,0.0016666666666666668,58550,26240,38.28201941587031,3.13.15,2.5.1,test,large,optimum
scpnrf2,ABLATION_IID,IID,V3-ELIT,29,10,6000,6000,46,15.0,0.0,True,0.0016666666666666668,58800,26437,37.01608949992806,3.13.15,2.5.1,test,large,optimum
scpnrf2,ABLATION_IID,IID,V3-ELIT,3,10,6000,6000,48,15.0,0.0,True,0.0016666666666666668,59092,26499,36.21440516691655,3.13.15,2.5.1,test,large,optimum
scpnrf2,ABLATION_IID,IID,V3-ELIT,30,10,6000,6000,26,15.0,0.0,True,0.0016666666666666668,58608,26202,36.82145670801401,3.13.15,2.5.1,test,large,optimum
scpnrf2,ABLATION_IID,IID,V3-ELIT,4,10,6000,6000,16,15.0,0.0,True,0.0016666666666666668,58859,26254,36.55080445902422,3.13.15,2.5.1,test,large,optimum
scpnrf2,ABLATION_IID,IID,V3-ELIT,5,10,6000,6000,90,15.0,0.0,True,0.0016666666666666668,58793,26427,35.713865583296865,3.13.15,2.5.1,test,large,optimum
scpnrf2,ABLATION_IID,IID,V3-ELIT,6,10,6000,6000,23,15.0,0.0,True,0.0016666666666666668,58856,26119,36.79189816582948,3.13.15,2.5.1,test,large,optimum
scpnrf2,ABLATION_IID,IID,V3-ELIT,7,10,6000,6000,12,15.0,0.0,True,0.0016666666666666668,58893,26303,35.32985608279705,3.13.15,2.5.1,test,large,optimum
scpnrf2,ABLATION_IID,IID,V3-ELIT,8,10,6000,6000,43,15.0,0.0,True,0.0016666666666666668,58581,26345,36.76692937500775,3.13.15,2.5.1,test,large,optimum
scpnrf2,ABLATION_IID,IID,V3-ELIT,9,10,6000,6000,41,15.0,0.0,True,0.0018333333333333333,59134,26199,35.32978304196149,3.13.15,2.5.1,test,large,optimum
scpnrf2,BGWO,REFERENCE,V3-ELIT,0,10,6000,6000,14,15.0,0.0,True,0.0045,32104,25663,31.5125390002504,3.13.15,2.5.1,test,large,optimum
scpnrf2,BGWO,REFERENCE,V3-ELIT,1,10,6000,6000,24,15.0,0.0,True,0.0055,31589,25880,30.54531312501058,3.13.15,2.5.1,test,large,optimum
scpnrf2,BGWO,REFERENCE,V3-ELIT,10,10,6000,6000,29,15.0,0.0,True,0.004,32450,25547,30.877580082975328,3.13.15,2.5.1,test,large,optimum
scpnrf2,BGWO,REFERENCE,V3-ELIT,11,10,6000,6000,22,15.0,0.0,True,0.004833333333333334,31689,25683,30.877004334237427,3.13.15,2.5.1,test,large,optimum
scpnrf2,BGWO,REFERENCE,V3-ELIT,12,10,6000,6000,22,15.0,0.0,True,0.004,32617,25556,31.320655667223036,3.13.15,2.5.1,test,large,optimum
scpnrf2,BGWO,REFERENCE,V3-ELIT,13,10,6000,6000,12,15.0,0.0,True,0.0045,32561,25417,30.633909500204027,3.13.15,2.5.1,test,large,optimum
scpnrf2,BGWO,REFERENCE,V3-ELIT,14,10,6000,6000,20,15.0,0.0,True,0.004666666666666667,32795,25485,31.40062704216689,3.13.15,2.5.1,test,large,optimum
scpnrf2,BGWO,REFERENCE,V3-ELIT,15,10,6000,6000,45,15.0,0.0,True,0.0036666666666666666,31866,25625,30.677832125220448,3.13.15,2.5.1,test,large,optimum
scpnrf2,BGWO,REFERENCE,V3-ELIT,16,10,6000,6000,18,15.0,0.0,True,0.006833333333333334,31119,25636,30.747008916921914,3.13.15,2.5.1,test,large,optimum
scpnrf2,BGWO,REFERENCE,V3-ELIT,17,10,6000,6000,23,15.0,0.0,True,0.004166666666666667,32232,25638,30.85167120816186,3.13.15,2.5.1,test,large,optimum
scpnrf2,BGWO,REFERENCE,V3-ELIT,18,10,6000,6000,13,15.0,0.0,True,0.003833333333333333,32118,25485,30.673926958348602,3.13.15,2.5.1,test,large,optimum
scpnrf2,BGWO,REFERENCE,V3-ELIT,19,10,6000,6000,32,15.0,0.0,True,0.004833333333333334,32041,25483,31.161264083348215,3.13.15,2.5.1,test,large,optimum
scpnrf2,BGWO,REFERENCE,V3-ELIT,2,10,6000,6000,35,15.0,0.0,True,0.006,31898,25511,30.906294041778892,3.13.15,2.5.1,test,large,optimum
scpnrf2,BGWO,REFERENCE,V3-ELIT,20,10,6000,6000,31,15.0,0.0,True,0.004333333333333333,31842,25614,31.34034554194659,3.13.15,2.5.1,test,large,optimum
scpnrf2,BGWO,REFERENCE,V3-ELIT,21,10,6000,6000,12,15.0,0.0,True,0.005166666666666667,32170,25651,30.879211000166833,3.13.15,2.5.1,test,large,optimum
scpnrf2,BGWO,REFERENCE,V3-ELIT,22,10,6000,6000,15,15.0,0.0,True,0.005333333333333333,31292,25560,30.40186275029555,3.13.15,2.5.1,test,large,optimum
scpnrf2,BGWO,REFERENCE,V3-ELIT,23,10,6000,6000,44,15.0,0.0,True,0.005666666666666667,32044,25584,30.96561700012535,3.13.15,2.5.1,test,large,optimum
scpnrf2,BGWO,REFERENCE,V3-ELIT,24,10,6000,6000,45,15.0,0.0,True,0.004833333333333334,31931,25543,31.634798916988075,3.13.15,2.5.1,test,large,optimum
scpnrf2,BGWO,REFERENCE,V3-ELIT,25,10,6000,6000,62,15.0,0.0,True,0.003833333333333333,32984,25724,31.2404646249488,3.13.15,2.5.1,test,large,optimum
scpnrf2,BGWO,REFERENCE,V3-ELIT,26,10,6000,6000,27,15.0,0.0,True,0.004666666666666667,32031,25675,31.401975832879543,3.13.15,2.5.1,test,large,optimum
scpnrf2,BGWO,REFERENCE,V3-ELIT,27,10,6000,6000,54,15.0,0.0,True,0.005166666666666667,31158,25571,30.801097083836794,3.13.15,2.5.1,test,large,optimum
scpnrf2,BGWO,REFERENCE,V3-ELIT,28,10,6000,6000,28,15.0,0.0,True,0.005333333333333333,32712,25362,31.15427695773542,3.13.15,2.5.1,test,large,optimum
scpnrf2,BGWO,REFERENCE,V3-ELIT,29,10,6000,6000,69,15.0,0.0,True,0.005166666666666667,31659,25807,32.5793134579435,3.13.15,2.5.1,test,large,optimum
scpnrf2,BGWO,REFERENCE,V3-ELIT,3,10,6000,6000,96,15.0,0.0,True,0.0055,31783,25541,30.789126500021666,3.13.15,2.5.1,test,large,optimum
scpnrf2,BGWO,REFERENCE,V3-ELIT,30,10,6000,6000,23,15.0,0.0,True,0.0055,31492,25623,34.12963187508285,3.13.15,2.5.1,test,large,optimum
scpnrf2,BGWO,REFERENCE,V3-ELIT,4,10,6000,6000,29,15.0,0.0,True,0.0055,31800,25856,31.09280304191634,3.13.15,2.5.1,test,large,optimum
scpnrf2,BGWO,REFERENCE,V3-ELIT,5,10,6000,6000,13,15.0,0.0,True,0.005333333333333333,30403,25535,30.57132679130882,3.13.15,2.5.1,test,large,optimum
scpnrf2,BGWO,REFERENCE,V3-ELIT,6,10,6000,6000,29,15.0,0.0,True,0.0036666666666666666,32586,25627,30.465898625086993,3.13.15,2.5.1,test,large,optimum
scpnrf2,BGWO,REFERENCE,V3-ELIT,7,10,6000,6000,38,15.0,0.0,True,0.004666666666666667,31315,25580,30.097872707992792,3.13.15,2.5.1,test,large,optimum
scpnrf2,BGWO,REFERENCE,V3-ELIT,8,10,6000,6000,44,15.0,0.0,True,0.006,31803,25452,31.37751862499863,3.13.15,2.5.1,test,large,optimum
scpnrf2,BGWO,REFERENCE,V3-ELIT,9,10,6000,6000,40,15.0,0.0,True,0.003833333333333333,32298,25602,30.691514499951154,3.13.15,2.5.1,test,large,optimum
scpnrf2,BPSO,REFERENCE,V3-ELIT,0,10,6000,6000,37,15.0,0.0,True,0.0016666666666666668,61445,26765,36.46383008360863,3.13.15,2.5.1,test,large,optimum
scpnrf2,BPSO,REFERENCE,V3-ELIT,1,10,6000,6000,31,15.0,0.0,True,0.0016666666666666668,64876,26381,39.11938212485984,3.13.15,2.5.1,test,large,optimum
scpnrf2,BPSO,REFERENCE,V3-ELIT,10,10,6000,6000,27,15.0,0.0,True,0.0016666666666666668,63996,26474,38.442742582876235,3.13.15,2.5.1,test,large,optimum
scpnrf2,BPSO,REFERENCE,V3-ELIT,11,10,6000,6000,12,16.0,6.666666666666667,True,0.0016666666666666668,63776,25979,38.5035191248171,3.13.15,2.5.1,test,large,optimum
scpnrf2,BPSO,REFERENCE,V3-ELIT,12,10,6000,6000,29,15.0,0.0,True,0.0016666666666666668,63781,26027,39.79941129218787,3.13.15,2.5.1,test,large,optimum
scpnrf2,BPSO,REFERENCE,V3-ELIT,13,10,6000,6000,23,15.0,0.0,True,0.0016666666666666668,64966,25940,38.40490120789036,3.13.15,2.5.1,test,large,optimum
scpnrf2,BPSO,REFERENCE,V3-ELIT,14,10,6000,6000,25,15.0,0.0,True,0.0016666666666666668,62480,26009,39.034654832910746,3.13.15,2.5.1,test,large,optimum
scpnrf2,BPSO,REFERENCE,V3-ELIT,15,10,6000,6000,111,15.0,0.0,True,0.0016666666666666668,60744,26357,36.66022920794785,3.13.15,2.5.1,test,large,optimum
scpnrf2,BPSO,REFERENCE,V3-ELIT,16,10,6000,6000,17,15.0,0.0,True,0.0016666666666666668,57813,26763,36.021130290813744,3.13.15,2.5.1,test,large,optimum
scpnrf2,BPSO,REFERENCE,V3-ELIT,17,10,6000,6000,835,15.0,0.0,True,0.0016666666666666668,59866,26704,36.02512241713703,3.13.15,2.5.1,test,large,optimum
scpnrf2,BPSO,REFERENCE,V3-ELIT,18,10,6000,6000,33,15.0,0.0,True,0.0016666666666666668,63865,25936,38.198835500050336,3.13.15,2.5.1,test,large,optimum
scpnrf2,BPSO,REFERENCE,V3-ELIT,19,10,6000,6000,28,15.0,0.0,True,0.0016666666666666668,64435,26485,38.27181895868853,3.13.15,2.5.1,test,large,optimum
scpnrf2,BPSO,REFERENCE,V3-ELIT,2,10,6000,6000,57,15.0,0.0,True,0.0016666666666666668,54208,26246,34.49271299969405,3.13.15,2.5.1,test,large,optimum
scpnrf2,BPSO,REFERENCE,V3-ELIT,20,10,6000,6000,31,15.0,0.0,True,0.0016666666666666668,60485,25679,38.677316583227366,3.13.15,2.5.1,test,large,optimum
scpnrf2,BPSO,REFERENCE,V3-ELIT,21,10,6000,6000,18,15.0,0.0,True,0.0016666666666666668,56183,27063,37.10768929077312,3.13.15,2.5.1,test,large,optimum
scpnrf2,BPSO,REFERENCE,V3-ELIT,22,10,6000,6000,22,15.0,0.0,True,0.0016666666666666668,61844,27076,37.586499916855246,3.13.15,2.5.1,test,large,optimum
scpnrf2,BPSO,REFERENCE,V3-ELIT,23,10,6000,6000,20,15.0,0.0,True,0.0016666666666666668,63647,26077,38.933465792331845,3.13.15,2.5.1,test,large,optimum
scpnrf2,BPSO,REFERENCE,V3-ELIT,24,10,6000,6000,28,15.0,0.0,True,0.0016666666666666668,65079,26085,40.366887541953474,3.13.15,2.5.1,test,large,optimum
scpnrf2,BPSO,REFERENCE,V3-ELIT,25,10,6000,6000,25,15.0,0.0,True,0.0018333333333333333,57512,27611,37.69673075014725,3.13.15,2.5.1,test,large,optimum
scpnrf2,BPSO,REFERENCE,V3-ELIT,26,10,6000,6000,65,15.0,0.0,True,0.0016666666666666668,65038,26077,40.383163874968886,3.13.15,2.5.1,test,large,optimum
scpnrf2,BPSO,REFERENCE,V3-ELIT,27,10,6000,6000,54,15.0,0.0,True,0.0016666666666666668,64815,26604,39.31066495878622,3.13.15,2.5.1,test,large,optimum
scpnrf2,BPSO,REFERENCE,V3-ELIT,28,10,6000,6000,46,15.0,0.0,True,0.0016666666666666668,64331,26352,39.85937233408913,3.13.15,2.5.1,test,large,optimum
scpnrf2,BPSO,REFERENCE,V3-ELIT,29,10,6000,6000,490,15.0,0.0,True,0.0016666666666666668,61207,27163,37.25768425036222,3.13.15,2.5.1,test,large,optimum
scpnrf2,BPSO,REFERENCE,V3-ELIT,3,10,6000,6000,50,15.0,0.0,True,0.0016666666666666668,63234,26161,38.096444624941796,3.13.15,2.5.1,test,large,optimum
scpnrf2,BPSO,REFERENCE,V3-ELIT,30,10,6000,6000,65,15.0,0.0,True,0.0016666666666666668,64455,26542,39.637633124832064,3.13.15,2.5.1,test,large,optimum
scpnrf2,BPSO,REFERENCE,V3-ELIT,4,10,6000,6000,15,15.0,0.0,True,0.0016666666666666668,64531,27954,38.178919250145555,3.13.15,2.5.1,test,large,optimum
scpnrf2,BPSO,REFERENCE,V3-ELIT,5,10,6000,6000,34,15.0,0.0,True,0.0016666666666666668,63686,25992,38.65357304131612,3.13.15,2.5.1,test,large,optimum
scpnrf2,BPSO,REFERENCE,V3-ELIT,6,10,6000,6000,24,15.0,0.0,True,0.0016666666666666668,64553,26455,38.623775084037334,3.13.15,2.5.1,test,large,optimum
scpnrf2,BPSO,REFERENCE,V3-ELIT,7,10,6000,6000,17,15.0,0.0,True,0.0016666666666666668,63435,26325,38.422319791745394,3.13.15,2.5.1,test,large,optimum
scpnrf2,BPSO,REFERENCE,V3-ELIT,8,10,6000,6000,34,15.0,0.0,True,0.0016666666666666668,64583,25919,39.32468187529594,3.13.15,2.5.1,test,large,optimum
scpnrf2,BPSO,REFERENCE,V3-ELIT,9,10,6000,6000,27,15.0,0.0,True,0.0016666666666666668,60673,26772,37.494186291936785,3.13.15,2.5.1,test,large,optimum
scpnrf2,BPWO,PWO,S2-ELIT,0,10,6000,6000,83,15.0,0.0,True,0.007666666666666666,26636,25348,27.512373083271086,3.13.15,2.5.1,test,large,optimum
scpnrf2,BPWO,PWO,S2-ELIT,1,10,6000,6000,18,15.0,0.0,True,0.010166666666666666,26492,25620,29.040385958272964,3.13.15,2.5.1,test,large,optimum
scpnrf2,BPWO,PWO,S2-ELIT,10,10,6000,6000,37,15.0,0.0,True,0.0105,25844,25514,28.90612641721964,3.13.15,2.5.1,test,large,optimum
scpnrf2,BPWO,PWO,S2-ELIT,11,10,6000,6000,98,15.0,0.0,True,0.010166666666666666,26503,25544,28.889720459003,3.13.15,2.5.1,test,large,optimum
scpnrf2,BPWO,PWO,S2-ELIT,12,10,6000,6000,26,15.0,0.0,True,0.01,26481,25235,29.243163666222245,3.13.15,2.5.1,test,large,optimum
scpnrf2,BPWO,PWO,S2-ELIT,13,10,6000,6000,22,15.0,0.0,True,0.01,27496,25027,29.22262337524444,3.13.15,2.5.1,test,large,optimum
scpnrf2,BPWO,PWO,S2-ELIT,14,10,6000,6000,21,15.0,0.0,True,0.010666666666666666,26451,25415,28.63830545777455,3.13.15,2.5.1,test,large,optimum
scpnrf2,BPWO,PWO,S2-ELIT,15,10,6000,6000,21,15.0,0.0,True,0.009666666666666667,26215,25648,28.48311616713181,3.13.15,2.5.1,test,large,optimum
scpnrf2,BPWO,PWO,S2-ELIT,16,10,6000,6000,18,15.0,0.0,True,0.011166666666666667,26071,25507,29.11588641675189,3.13.15,2.5.1,test,large,optimum
scpnrf2,BPWO,PWO,S2-ELIT,17,10,6000,6000,108,15.0,0.0,True,0.0135,26577,25577,29.737138125114143,3.13.15,2.5.1,test,large,optimum
scpnrf2,BPWO,PWO,S2-ELIT,18,10,6000,6000,30,15.0,0.0,True,0.014,26333,25566,28.7392682088539,3.13.15,2.5.1,test,large,optimum
scpnrf2,BPWO,PWO,S2-ELIT,19,10,6000,6000,124,15.0,0.0,True,0.012333333333333333,26380,25657,28.40445720916614,3.13.15,2.5.1,test,large,optimum
scpnrf2,BPWO,PWO,S2-ELIT,2,10,6000,6000,22,15.0,0.0,True,0.009,26522,25605,28.664062791038305,3.13.15,2.5.1,test,large,optimum
scpnrf2,BPWO,PWO,S2-ELIT,20,10,6000,6000,215,15.0,0.0,True,0.009,26531,25380,28.853236416354775,3.13.15,2.5.1,test,large,optimum
scpnrf2,BPWO,PWO,S2-ELIT,21,10,6000,6000,53,15.0,0.0,True,0.01,26472,25553,29.394774166867137,3.13.15,2.5.1,test,large,optimum
scpnrf2,BPWO,PWO,S2-ELIT,22,10,6000,6000,30,15.0,0.0,True,0.012333333333333333,26382,25709,29.2456315420568,3.13.15,2.5.1,test,large,optimum
scpnrf2,BPWO,PWO,S2-ELIT,23,10,6000,6000,16,15.0,0.0,True,0.010833333333333334,26571,25597,29.481580042280257,3.13.15,2.5.1,test,large,optimum
scpnrf2,BPWO,PWO,S2-ELIT,24,10,6000,6000,180,15.0,0.0,True,0.011,26638,25602,29.25045954203233,3.13.15,2.5.1,test,large,optimum
scpnrf2,BPWO,PWO,S2-ELIT,25,10,6000,6000,51,15.0,0.0,True,0.011333333333333334,26250,25396,28.500708165578544,3.13.15,2.5.1,test,large,optimum
scpnrf2,BPWO,PWO,S2-ELIT,26,10,6000,6000,217,15.0,0.0,True,0.01,26675,25660,29.291646666824818,3.13.15,2.5.1,test,large,optimum
scpnrf2,BPWO,PWO,S2-ELIT,27,10,6000,6000,55,15.0,0.0,True,0.010666666666666666,26397,25474,29.359059957787395,3.13.15,2.5.1,test,large,optimum
scpnrf2,BPWO,PWO,S2-ELIT,28,10,6000,6000,129,15.0,0.0,True,0.009833333333333333,27077,25248,30.261524958070368,3.13.15,2.5.1,test,large,optimum
scpnrf2,BPWO,PWO,S2-ELIT,29,10,6000,6000,374,15.0,0.0,True,0.011,26653,25646,29.91433595912531,3.13.15,2.5.1,test,large,optimum
scpnrf2,BPWO,PWO,S2-ELIT,3,10,6000,6000,107,15.0,0.0,True,0.010833333333333334,26470,25613,28.224762083031237,3.13.15,2.5.1,test,large,optimum
scpnrf2,BPWO,PWO,S2-ELIT,30,10,6000,6000,21,15.0,0.0,True,0.008833333333333334,26561,25367,29.50265704188496,3.13.15,2.5.1,test,large,optimum
scpnrf2,BPWO,PWO,S2-ELIT,4,10,6000,6000,24,15.0,0.0,True,0.009,26395,25279,28.91688979184255,3.13.15,2.5.1,test,large,optimum
scpnrf2,BPWO,PWO,S2-ELIT,5,10,6000,6000,18,15.0,0.0,True,0.0105,26414,25629,29.43468629103154,3.13.15,2.5.1,test,large,optimum
scpnrf2,BPWO,PWO,S2-ELIT,6,10,6000,6000,72,15.0,0.0,True,0.012,26803,25443,28.823355458211154,3.13.15,2.5.1,test,large,optimum
scpnrf2,BPWO,PWO,S2-ELIT,7,10,6000,6000,25,15.0,0.0,True,0.011833333333333333,26232,25340,28.69737008307129,3.13.15,2.5.1,test,large,optimum
scpnrf2,BPWO,PWO,S2-ELIT,8,10,6000,6000,30,15.0,0.0,True,0.010333333333333333,26374,25529,28.8118123752065,3.13.15,2.5.1,test,large,optimum
scpnrf2,BPWO,PWO,S2-ELIT,9,10,6000,6000,72,15.0,0.0,True,0.01,26419,25271,28.510864707641304,3.13.15,2.5.1,test,large,optimum
scpnrf2,BPWO,PWO,V3-ELIT,0,10,6000,6000,15,15.0,0.0,True,0.0055,28684,25340,27.12668079091236,3.13.15,2.5.1,test,large,optimum
scpnrf2,BPWO,PWO,V3-ELIT,1,10,6000,6000,489,15.0,0.0,True,0.006,29466,25608,28.969278291799128,3.13.15,2.5.1,test,large,optimum
scpnrf2,BPWO,PWO,V3-ELIT,10,10,6000,6000,36,15.0,0.0,True,0.006,28804,25395,28.432794250082225,3.13.15,2.5.1,test,large,optimum
scpnrf2,BPWO,PWO,V3-ELIT,11,10,6000,6000,74,15.0,0.0,True,0.008166666666666666,28640,25658,28.85422308417037,3.13.15,2.5.1,test,large,optimum
scpnrf2,BPWO,PWO,V3-ELIT,12,10,6000,6000,13,15.0,0.0,True,0.007166666666666667,28416,25257,29.31748270895332,3.13.15,2.5.1,test,large,optimum
scpnrf2,BPWO,PWO,V3-ELIT,13,10,6000,6000,23,15.0,0.0,True,0.007166666666666667,28618,25295,29.080273041967303,3.13.15,2.5.1,test,large,optimum
scpnrf2,BPWO,PWO,V3-ELIT,14,10,6000,6000,13,15.0,0.0,True,0.007,28867,25579,29.54533770820126,3.13.15,2.5.1,test,large,optimum
scpnrf2,BPWO,PWO,V3-ELIT,15,10,6000,6000,119,15.0,0.0,True,0.007,29255,25751,29.45992483338341,3.13.15,2.5.1,test,large,optimum
scpnrf2,BPWO,PWO,V3-ELIT,16,10,6000,6000,84,15.0,0.0,True,0.005833333333333334,28888,25570,29.32677954202518,3.13.15,2.5.1,test,large,optimum
scpnrf2,BPWO,PWO,V3-ELIT,17,10,6000,6000,43,15.0,0.0,True,0.007,28632,25739,28.758299625013024,3.13.15,2.5.1,test,large,optimum
scpnrf2,BPWO,PWO,V3-ELIT,18,10,6000,6000,24,15.0,0.0,True,0.006666666666666667,28977,25535,29.26943229092285,3.13.15,2.5.1,test,large,optimum
scpnrf2,BPWO,PWO,V3-ELIT,19,10,6000,6000,63,15.0,0.0,True,0.0075,28875,25714,29.094116249587387,3.13.15,2.5.1,test,large,optimum
scpnrf2,BPWO,PWO,V3-ELIT,2,10,6000,6000,68,15.0,0.0,True,0.008,29290,25654,29.790696000214666,3.13.15,2.5.1,test,large,optimum
scpnrf2,BPWO,PWO,V3-ELIT,20,10,6000,6000,53,15.0,0.0,True,0.006833333333333334,29083,25622,29.376531375106424,3.13.15,2.5.1,test,large,optimum
scpnrf2,BPWO,PWO,V3-ELIT,21,10,6000,6000,111,15.0,0.0,True,0.008,28741,25182,29.587747917044908,3.13.15,2.5.1,test,large,optimum
scpnrf2,BPWO,PWO,V3-ELIT,22,10,6000,6000,41,15.0,0.0,True,0.007333333333333333,29091,25611,29.242664207704365,3.13.15,2.5.1,test,large,optimum
scpnrf2,BPWO,PWO,V3-ELIT,23,10,6000,6000,16,15.0,0.0,True,0.006833333333333334,28767,25675,29.113805041182786,3.13.15,2.5.1,test,large,optimum
scpnrf2,BPWO,PWO,V3-ELIT,24,10,6000,6000,32,15.0,0.0,True,0.0075,29105,25594,29.639887833036482,3.13.15,2.5.1,test,large,optimum
scpnrf2,BPWO,PWO,V3-ELIT,25,10,6000,6000,36,15.0,0.0,True,0.007333333333333333,29039,25409,29.40925533277914,3.13.15,2.5.1,test,large,optimum
scpnrf2,BPWO,PWO,V3-ELIT,26,10,6000,6000,27,15.0,0.0,True,0.005666666666666667,28645,25704,29.39388554217294,3.13.15,2.5.1,test,large,optimum
scpnrf2,BPWO,PWO,V3-ELIT,27,10,6000,6000,142,15.0,0.0,True,0.008,29180,25401,29.917366417124867,3.13.15,2.5.1,test,large,optimum
scpnrf2,BPWO,PWO,V3-ELIT,28,10,6000,6000,22,15.0,0.0,True,0.007666666666666666,29220,25388,29.808208708185703,3.13.15,2.5.1,test,large,optimum
scpnrf2,BPWO,PWO,V3-ELIT,29,10,6000,6000,18,15.0,0.0,True,0.0075,28879,25633,29.75483062537387,3.13.15,2.5.1,test,large,optimum
scpnrf2,BPWO,PWO,V3-ELIT,3,10,6000,6000,403,15.0,0.0,True,0.0065,28876,25781,29.146342957857996,3.13.15,2.5.1,test,large,optimum
scpnrf2,BPWO,PWO,V3-ELIT,30,10,6000,6000,22,15.0,0.0,True,0.007666666666666666,28676,25434,29.564467207994312,3.13.15,2.5.1,test,large,optimum
scpnrf2,BPWO,PWO,V3-ELIT,4,10,6000,6000,26,15.0,0.0,True,0.008166666666666666,28799,25367,29.49911812506616,3.13.15,2.5.1,test,large,optimum
scpnrf2,BPWO,PWO,V3-ELIT,5,10,6000,6000,35,15.0,0.0,True,0.005666666666666667,29163,25576,28.52051333291456,3.13.15,2.5.1,test,large,optimum
scpnrf2,BPWO,PWO,V3-ELIT,6,10,6000,6000,56,15.0,0.0,True,0.007666666666666666,29085,25511,28.86985412472859,3.13.15,2.5.1,test,large,optimum
scpnrf2,BPWO,PWO,V3-ELIT,7,10,6000,6000,24,15.0,0.0,True,0.006833333333333334,28935,25628,29.153813124634326,3.13.15,2.5.1,test,large,optimum
scpnrf2,BPWO,PWO,V3-ELIT,8,10,6000,6000,107,15.0,0.0,True,0.006333333333333333,28803,25623,29.592968583106995,3.13.15,2.5.1,test,large,optimum
scpnrf2,BPWO,PWO,V3-ELIT,9,10,6000,6000,144,15.0,0.0,True,0.007,29294,25408,29.320038208272308,3.13.15,2.5.1,test,large,optimum
scpnrf2,GREEDY,N/A,N/A,N/A,N/A,1,1,1,16.0,6.666666666666667,True,N/A,15,0,0.007609667256474495,3.13.15,2.5.1,test,large,optimum
scpnrg2,ABLATION_IID,IID,V3-ELIT,0,10,6000,6000,4983,158.0,2.5974025974025974,True,0.0016666666666666668,437187,90666,178.9162372923456,3.13.15,2.5.1,test,very_large,best_known
scpnrg2,ABLATION_IID,IID,V3-ELIT,1,10,6000,6000,1104,158.0,2.5974025974025974,True,0.0016666666666666668,439442,90989,177.48097629193217,3.13.15,2.5.1,test,very_large,best_known
scpnrg2,ABLATION_IID,IID,V3-ELIT,10,10,6000,6000,4432,158.0,2.5974025974025974,True,0.0016666666666666668,440615,91186,169.99558174982667,3.13.15,2.5.1,test,very_large,best_known
scpnrg2,ABLATION_IID,IID,V3-ELIT,11,10,6000,6000,1247,156.0,1.2987012987012987,True,0.0016666666666666668,445032,95122,169.3360407501459,3.13.15,2.5.1,test,very_large,best_known
scpnrg2,ABLATION_IID,IID,V3-ELIT,12,10,6000,6000,363,158.0,2.5974025974025974,True,0.0016666666666666668,441047,91475,177.250584917143,3.13.15,2.5.1,test,very_large,best_known
scpnrg2,ABLATION_IID,IID,V3-ELIT,13,10,6000,6000,3566,157.0,1.948051948051948,True,0.0016666666666666668,442143,90627,173.143485667184,3.13.15,2.5.1,test,very_large,best_known
scpnrg2,ABLATION_IID,IID,V3-ELIT,14,10,6000,6000,718,158.0,2.5974025974025974,True,0.0016666666666666668,442358,92736,170.71437029121444,3.13.15,2.5.1,test,very_large,best_known
scpnrg2,ABLATION_IID,IID,V3-ELIT,15,10,6000,6000,490,158.0,2.5974025974025974,True,0.0016666666666666668,438103,90000,169.10330416588113,3.13.15,2.5.1,test,very_large,best_known
scpnrg2,ABLATION_IID,IID,V3-ELIT,16,10,6000,6000,3980,156.0,1.2987012987012987,True,0.0016666666666666668,444546,92127,177.59262849995866,3.13.15,2.5.1,test,very_large,best_known
scpnrg2,ABLATION_IID,IID,V3-ELIT,17,10,6000,6000,436,158.0,2.5974025974025974,True,0.0016666666666666668,438275,88928,175.0183245842345,3.13.15,2.5.1,test,very_large,best_known
scpnrg2,ABLATION_IID,IID,V3-ELIT,18,10,6000,6000,176,158.0,2.5974025974025974,True,0.0016666666666666668,438395,89032,172.3323366669938,3.13.15,2.5.1,test,very_large,best_known
scpnrg2,ABLATION_IID,IID,V3-ELIT,19,10,6000,6000,146,158.0,2.5974025974025974,True,0.0016666666666666668,438579,90760,171.35854720883071,3.13.15,2.5.1,test,very_large,best_known
scpnrg2,ABLATION_IID,IID,V3-ELIT,2,10,6000,6000,332,158.0,2.5974025974025974,True,0.0016666666666666668,438149,89488,172.3934598332271,3.13.15,2.5.1,test,very_large,best_known
scpnrg2,ABLATION_IID,IID,V3-ELIT,20,10,6000,6000,153,158.0,2.5974025974025974,True,0.0016666666666666668,439535,88318,179.12813291698694,3.13.15,2.5.1,test,very_large,best_known
scpnrg2,ABLATION_IID,IID,V3-ELIT,21,10,6000,6000,367,158.0,2.5974025974025974,True,0.0016666666666666668,437615,90179,176.04658695822582,3.13.15,2.5.1,test,very_large,best_known
scpnrg2,ABLATION_IID,IID,V3-ELIT,22,10,6000,6000,846,158.0,2.5974025974025974,True,0.0016666666666666668,437199,89202,171.75600258307531,3.13.15,2.5.1,test,very_large,best_known
scpnrg2,ABLATION_IID,IID,V3-ELIT,23,10,6000,6000,993,158.0,2.5974025974025974,True,0.0016666666666666668,439453,91787,170.1520827091299,3.13.15,2.5.1,test,very_large,best_known
scpnrg2,ABLATION_IID,IID,V3-ELIT,24,10,6000,6000,2148,158.0,2.5974025974025974,True,0.0016666666666666668,437173,87024,176.92938541714102,3.13.15,2.5.1,test,very_large,best_known
scpnrg2,ABLATION_IID,IID,V3-ELIT,25,10,6000,6000,102,158.0,2.5974025974025974,True,0.0016666666666666668,441259,91597,175.13291158294305,3.13.15,2.5.1,test,very_large,best_known
scpnrg2,ABLATION_IID,IID,V3-ELIT,26,10,6000,6000,2578,158.0,2.5974025974025974,True,0.0016666666666666668,437520,88611,170.0006163753569,3.13.15,2.5.1,test,very_large,best_known
scpnrg2,ABLATION_IID,IID,V3-ELIT,27,10,6000,6000,5039,157.0,1.948051948051948,True,0.0016666666666666668,440438,89719,168.8468881668523,3.13.15,2.5.1,test,very_large,best_known
scpnrg2,ABLATION_IID,IID,V3-ELIT,28,10,6000,6000,661,158.0,2.5974025974025974,True,0.0016666666666666668,439070,91653,182.45186062483117,3.13.15,2.5.1,test,very_large,best_known
scpnrg2,ABLATION_IID,IID,V3-ELIT,29,10,6000,6000,4219,158.0,2.5974025974025974,True,0.0016666666666666668,437708,89260,178.58850104175508,3.13.15,2.5.1,test,very_large,best_known
scpnrg2,ABLATION_IID,IID,V3-ELIT,3,10,6000,6000,3611,158.0,2.5974025974025974,True,0.0016666666666666668,439123,91391,170.88498124992475,3.13.15,2.5.1,test,very_large,best_known
scpnrg2,ABLATION_IID,IID,V3-ELIT,30,10,6000,6000,2520,156.0,1.2987012987012987,True,0.0016666666666666668,441475,90801,176.29143562493846,3.13.15,2.5.1,test,very_large,best_known
scpnrg2,ABLATION_IID,IID,V3-ELIT,4,10,6000,6000,1593,156.0,1.2987012987012987,True,0.0016666666666666668,442750,94219,180.27724129194394,3.13.15,2.5.1,test,very_large,best_known
scpnrg2,ABLATION_IID,IID,V3-ELIT,5,10,6000,6000,1143,158.0,2.5974025974025974,True,0.0016666666666666668,439541,90886,176.52854658383876,3.13.15,2.5.1,test,very_large,best_known
scpnrg2,ABLATION_IID,IID,V3-ELIT,6,10,6000,6000,3383,158.0,2.5974025974025974,True,0.0016666666666666668,436565,88548,171.05281974980608,3.13.15,2.5.1,test,very_large,best_known
scpnrg2,ABLATION_IID,IID,V3-ELIT,7,10,6000,6000,290,158.0,2.5974025974025974,True,0.0016666666666666668,439947,90454,170.74690366676077,3.13.15,2.5.1,test,very_large,best_known
scpnrg2,ABLATION_IID,IID,V3-ELIT,8,10,6000,6000,212,158.0,2.5974025974025974,True,0.0016666666666666668,438910,90711,175.50751287536696,3.13.15,2.5.1,test,very_large,best_known
scpnrg2,ABLATION_IID,IID,V3-ELIT,9,10,6000,6000,96,158.0,2.5974025974025974,True,0.0016666666666666668,438257,89707,173.35251308325678,3.13.15,2.5.1,test,very_large,best_known
scpnrg2,BGWO,REFERENCE,V3-ELIT,0,10,6000,6000,3788,156.0,1.2987012987012987,True,0.0016666666666666668,236719,71367,126.33094466617331,3.13.15,2.5.1,test,very_large,best_known
scpnrg2,BGWO,REFERENCE,V3-ELIT,1,10,6000,6000,1052,158.0,2.5974025974025974,True,0.0016666666666666668,233721,71748,130.9540292499587,3.13.15,2.5.1,test,very_large,best_known
scpnrg2,BGWO,REFERENCE,V3-ELIT,10,10,6000,6000,1372,158.0,2.5974025974025974,True,0.0016666666666666668,234214,70695,136.33917937520891,3.13.15,2.5.1,test,very_large,best_known
scpnrg2,BGWO,REFERENCE,V3-ELIT,11,10,6000,6000,459,159.0,3.2467532467532467,True,0.0016666666666666668,234413,73439,139.9095494169742,3.13.15,2.5.1,test,very_large,best_known
scpnrg2,BGWO,REFERENCE,V3-ELIT,12,10,6000,6000,652,158.0,2.5974025974025974,True,0.0016666666666666668,232745,68626,122.20485566696152,3.13.15,2.5.1,test,very_large,best_known
scpnrg2,BGWO,REFERENCE,V3-ELIT,13,10,6000,6000,307,158.0,2.5974025974025974,True,0.0016666666666666668,235332,71657,128.51504504214972,3.13.15,2.5.1,test,very_large,best_known
scpnrg2,BGWO,REFERENCE,V3-ELIT,14,10,6000,6000,1803,156.0,1.2987012987012987,True,0.0016666666666666668,237709,72320,134.08981212507933,3.13.15,2.5.1,test,very_large,best_known
scpnrg2,BGWO,REFERENCE,V3-ELIT,15,10,6000,6000,129,158.0,2.5974025974025974,True,0.0016666666666666668,229140,67963,137.84327029203996,3.13.15,2.5.1,test,very_large,best_known
scpnrg2,BGWO,REFERENCE,V3-ELIT,16,10,6000,6000,5269,158.0,2.5974025974025974,True,0.0016666666666666668,231861,69462,125.19227824965492,3.13.15,2.5.1,test,very_large,best_known
scpnrg2,BGWO,REFERENCE,V3-ELIT,17,10,6000,6000,3040,157.0,1.948051948051948,True,0.0016666666666666668,238120,73085,131.33623120794073,3.13.15,2.5.1,test,very_large,best_known
scpnrg2,BGWO,REFERENCE,V3-ELIT,18,10,6000,6000,155,158.0,2.5974025974025974,True,0.0016666666666666668,234033,70453,136.90171779086813,3.13.15,2.5.1,test,very_large,best_known
scpnrg2,BGWO,REFERENCE,V3-ELIT,19,10,6000,6000,315,158.0,2.5974025974025974,True,0.0016666666666666668,235277,70951,140.57327425014228,3.13.15,2.5.1,test,very_large,best_known
scpnrg2,BGWO,REFERENCE,V3-ELIT,2,10,6000,6000,338,159.0,3.2467532467532467,True,0.0016666666666666668,235591,74450,136.4940917091444,3.13.15,2.5.1,test,very_large,best_known
scpnrg2,BGWO,REFERENCE,V3-ELIT,20,10,6000,6000,68,158.0,2.5974025974025974,True,0.0016666666666666668,233694,69896,124.47576937498525,3.13.15,2.5.1,test,very_large,best_known
scpnrg2,BGWO,REFERENCE,V3-ELIT,21,10,6000,6000,89,158.0,2.5974025974025974,True,0.0016666666666666668,228530,67607,129.23905545799062,3.13.15,2.5.1,test,very_large,best_known
scpnrg2,BGWO,REFERENCE,V3-ELIT,22,10,6000,6000,720,158.0,2.5974025974025974,True,0.0016666666666666668,234425,70788,139.54658483387902,3.13.15,2.5.1,test,very_large,best_known
scpnrg2,BGWO,REFERENCE,V3-ELIT,23,10,6000,6000,288,158.0,2.5974025974025974,True,0.0016666666666666668,233607,72742,142.23947170795873,3.13.15,2.5.1,test,very_large,best_known
scpnrg2,BGWO,REFERENCE,V3-ELIT,24,10,6000,6000,957,158.0,2.5974025974025974,True,0.0016666666666666668,233418,70199,124.4631423749961,3.13.15,2.5.1,test,very_large,best_known
scpnrg2,BGWO,REFERENCE,V3-ELIT,25,10,6000,6000,2868,158.0,2.5974025974025974,True,0.0016666666666666668,232219,70672,128.52523629181087,3.13.15,2.5.1,test,very_large,best_known
scpnrg2,BGWO,REFERENCE,V3-ELIT,26,10,6000,6000,103,159.0,3.2467532467532467,True,0.0016666666666666668,234562,73587,134.08216729201376,3.13.15,2.5.1,test,very_large,best_known
scpnrg2,BGWO,REFERENCE,V3-ELIT,27,10,6000,6000,1534,158.0,2.5974025974025974,True,0.0016666666666666668,234954,71731,139.25910716690123,3.13.15,2.5.1,test,very_large,best_known
scpnrg2,BGWO,REFERENCE,V3-ELIT,28,10,6000,6000,809,158.0,2.5974025974025974,True,0.0016666666666666668,234084,70779,133.423603749834,3.13.15,2.5.1,test,very_large,best_known
scpnrg2,BGWO,REFERENCE,V3-ELIT,29,10,6000,6000,430,158.0,2.5974025974025974,True,0.0016666666666666668,234333,70695,136.7711616656743,3.13.15,2.5.1,test,very_large,best_known
scpnrg2,BGWO,REFERENCE,V3-ELIT,3,10,6000,6000,953,158.0,2.5974025974025974,True,0.0016666666666666668,234075,70633,138.81579833338037,3.13.15,2.5.1,test,very_large,best_known
scpnrg2,BGWO,REFERENCE,V3-ELIT,30,10,6000,6000,3651,157.0,1.948051948051948,True,0.0016666666666666668,234097,70797,139.6314288750291,3.13.15,2.5.1,test,very_large,best_known
scpnrg2,BGWO,REFERENCE,V3-ELIT,4,10,6000,6000,767,158.0,2.5974025974025974,True,0.0016666666666666668,234443,70090,126.21384495822713,3.13.15,2.5.1,test,very_large,best_known
scpnrg2,BGWO,REFERENCE,V3-ELIT,5,10,6000,6000,1572,158.0,2.5974025974025974,True,0.0016666666666666668,233254,70619,130.63135541696101,3.13.15,2.5.1,test,very_large,best_known
scpnrg2,BGWO,REFERENCE,V3-ELIT,6,10,6000,6000,3442,157.0,1.948051948051948,True,0.0016666666666666668,233955,71237,135.68651045765728,3.13.15,2.5.1,test,very_large,best_known
scpnrg2,BGWO,REFERENCE,V3-ELIT,7,10,6000,6000,574,158.0,2.5974025974025974,True,0.0016666666666666668,234445,70501,137.97811329178512,3.13.15,2.5.1,test,very_large,best_known
scpnrg2,BGWO,REFERENCE,V3-ELIT,8,10,6000,6000,2298,158.0,2.5974025974025974,True,0.0016666666666666668,232785,69667,123.26174516696483,3.13.15,2.5.1,test,very_large,best_known
scpnrg2,BGWO,REFERENCE,V3-ELIT,9,10,6000,6000,126,158.0,2.5974025974025974,True,0.0016666666666666668,237012,73940,131.16488412488252,3.13.15,2.5.1,test,very_large,best_known
scpnrg2,BPSO,REFERENCE,V3-ELIT,0,10,6000,6000,706,158.0,2.5974025974025974,True,0.0016666666666666668,630975,117828,221.2736832923256,3.13.15,2.5.1,test,very_large,best_known
scpnrg2,BPSO,REFERENCE,V3-ELIT,1,10,6000,6000,42,159.0,3.2467532467532467,True,0.0016666666666666668,643043,123010,221.9270903337747,3.13.15,2.5.1,test,very_large,best_known
scpnrg2,BPSO,REFERENCE,V3-ELIT,10,10,6000,6000,2554,158.0,2.5974025974025974,True,0.0016666666666666668,637900,116868,224.63374866731465,3.13.15,2.5.1,test,very_large,best_known
scpnrg2,BPSO,REFERENCE,V3-ELIT,11,10,6000,6000,5821,158.0,2.5974025974025974,True,0.0016666666666666668,639030,116492,228.17200170923024,3.13.15,2.5.1,test,very_large,best_known
scpnrg2,BPSO,REFERENCE,V3-ELIT,12,10,6000,6000,1819,158.0,2.5974025974025974,True,0.0016666666666666668,629805,113315,222.035337833222,3.13.15,2.5.1,test,very_large,best_known
scpnrg2,BPSO,REFERENCE,V3-ELIT,13,10,6000,6000,289,159.0,3.2467532467532467,True,0.0016666666666666668,639297,118346,222.7773621669039,3.13.15,2.5.1,test,very_large,best_known
scpnrg2,BPSO,REFERENCE,V3-ELIT,14,10,6000,6000,51,159.0,3.2467532467532467,True,0.0016666666666666668,640055,115675,225.88691108394414,3.13.15,2.5.1,test,very_large,best_known
scpnrg2,BPSO,REFERENCE,V3-ELIT,15,10,6000,6000,1565,158.0,2.5974025974025974,True,0.0016666666666666668,623548,111520,224.31180529203266,3.13.15,2.5.1,test,very_large,best_known
scpnrg2,BPSO,REFERENCE,V3-ELIT,16,10,6000,6000,128,159.0,3.2467532467532467,True,0.0016666666666666668,644095,120273,228.30022070929408,3.13.15,2.5.1,test,very_large,best_known
scpnrg2,BPSO,REFERENCE,V3-ELIT,17,10,6000,6000,69,158.0,2.5974025974025974,True,0.0016666666666666668,620692,114199,221.00470270775259,3.13.15,2.5.1,test,very_large,best_known
scpnrg2,BPSO,REFERENCE,V3-ELIT,18,10,6000,6000,41,158.0,2.5974025974025974,True,0.0016666666666666668,625576,115361,223.24464062508196,3.13.15,2.5.1,test,very_large,best_known
scpnrg2,BPSO,REFERENCE,V3-ELIT,19,10,6000,6000,5174,158.0,2.5974025974025974,True,0.0016666666666666668,643612,118890,231.95248545799404,3.13.15,2.5.1,test,very_large,best_known
scpnrg2,BPSO,REFERENCE,V3-ELIT,2,10,6000,6000,1132,157.0,1.948051948051948,True,0.0016666666666666668,645336,119267,225.9732339172624,3.13.15,2.5.1,test,very_large,best_known
scpnrg2,BPSO,REFERENCE,V3-ELIT,20,10,6000,6000,887,158.0,2.5974025974025974,True,0.0016666666666666668,624323,109031,222.75828295806423,3.13.15,2.5.1,test,very_large,best_known
scpnrg2,BPSO,REFERENCE,V3-ELIT,21,10,6000,6000,94,158.0,2.5974025974025974,True,0.0016666666666666668,628844,111924,222.85435029212385,3.13.15,2.5.1,test,very_large,best_known
scpnrg2,BPSO,REFERENCE,V3-ELIT,22,10,6000,6000,40,159.0,3.2467532467532467,True,0.0016666666666666668,638635,114574,227.57748841587454,3.13.15,2.5.1,test,very_large,best_known
scpnrg2,BPSO,REFERENCE,V3-ELIT,23,10,6000,6000,69,159.0,3.2467532467532467,True,0.0016666666666666668,645989,124346,232.79902999987826,3.13.15,2.5.1,test,very_large,best_known
scpnrg2,BPSO,REFERENCE,V3-ELIT,24,10,6000,6000,92,159.0,3.2467532467532467,True,0.0016666666666666668,647507,118587,229.427422916051,3.13.15,2.5.1,test,very_large,best_known
scpnrg2,BPSO,REFERENCE,V3-ELIT,25,10,6000,6000,101,159.0,3.2467532467532467,True,0.0016666666666666668,643949,122744,229.5706520830281,3.13.15,2.5.1,test,very_large,best_known
scpnrg2,BPSO,REFERENCE,V3-ELIT,26,10,6000,6000,88,159.0,3.2467532467532467,True,0.0016666666666666668,636194,118339,226.82917520822957,3.13.15,2.5.1,test,very_large,best_known
scpnrg2,BPSO,REFERENCE,V3-ELIT,27,10,6000,6000,92,159.0,3.2467532467532467,True,0.0016666666666666668,638870,118757,230.83685958432034,3.13.15,2.5.1,test,very_large,best_known
scpnrg2,BPSO,REFERENCE,V3-ELIT,28,10,6000,6000,151,159.0,3.2467532467532467,True,0.0016666666666666668,645221,118950,230.52519804192707,3.13.15,2.5.1,test,very_large,best_known
scpnrg2,BPSO,REFERENCE,V3-ELIT,29,10,6000,6000,242,158.0,2.5974025974025974,True,0.0016666666666666668,625361,111723,226.517252583988,3.13.15,2.5.1,test,very_large,best_known
scpnrg2,BPSO,REFERENCE,V3-ELIT,3,10,6000,6000,62,159.0,3.2467532467532467,True,0.0016666666666666668,639891,119905,228.00067191710696,3.13.15,2.5.1,test,very_large,best_known
scpnrg2,BPSO,REFERENCE,V3-ELIT,30,10,6000,6000,1611,158.0,2.5974025974025974,True,0.0016666666666666668,624432,117513,228.13470491720363,3.13.15,2.5.1,test,very_large,best_known
scpnrg2,BPSO,REFERENCE,V3-ELIT,4,10,6000,6000,32,159.0,3.2467532467532467,True,0.0016666666666666668,630314,113929,225.25141170807183,3.13.15,2.5.1,test,very_large,best_known
scpnrg2,BPSO,REFERENCE,V3-ELIT,5,10,6000,6000,5139,158.0,2.5974025974025974,True,0.0016666666666666668,637696,114314,227.1699817078188,3.13.15,2.5.1,test,very_large,best_known
scpnrg2,BPSO,REFERENCE,V3-ELIT,6,10,6000,6000,315,159.0,3.2467532467532467,True,0.0016666666666666668,642263,114144,231.36312691727653,3.13.15,2.5.1,test,very_large,best_known
scpnrg2,BPSO,REFERENCE,V3-ELIT,7,10,6000,6000,80,159.0,3.2467532467532467,True,0.0016666666666666668,636125,117117,231.84151120809838,3.13.15,2.5.1,test,very_large,best_known
scpnrg2,BPSO,REFERENCE,V3-ELIT,8,10,6000,6000,123,159.0,3.2467532467532467,True,0.0016666666666666668,646651,122259,225.3133061672561,3.13.15,2.5.1,test,very_large,best_known
scpnrg2,BPSO,REFERENCE,V3-ELIT,9,10,6000,6000,81,159.0,3.2467532467532467,True,0.0016666666666666668,643620,122616,224.69217395875603,3.13.15,2.5.1,test,very_large,best_known
scpnrg2,BPWO,PWO,S2-ELIT,0,10,6000,6000,4787,157.0,1.948051948051948,True,0.0016666666666666668,205305,69822,131.52358091715723,3.13.15,2.5.1,test,very_large,best_known
scpnrg2,BPWO,PWO,S2-ELIT,1,10,6000,6000,85,159.0,3.2467532467532467,True,0.0016666666666666668,204188,72194,133.420302124694,3.13.15,2.5.1,test,very_large,best_known
scpnrg2,BPWO,PWO,S2-ELIT,10,10,6000,6000,3536,157.0,1.948051948051948,True,0.0016666666666666668,203156,69610,130.96381450025365,3.13.15,2.5.1,test,very_large,best_known
scpnrg2,BPWO,PWO,S2-ELIT,11,10,6000,6000,5402,157.0,1.948051948051948,True,0.0016666666666666668,203320,70843,131.51321379188448,3.13.15,2.5.1,test,very_large,best_known
scpnrg2,BPWO,PWO,S2-ELIT,12,10,6000,6000,4450,158.0,2.5974025974025974,True,0.0016666666666666668,200010,66797,130.7077647917904,3.13.15,2.5.1,test,very_large,best_known
scpnrg2,BPWO,PWO,S2-ELIT,13,10,6000,6000,175,158.0,2.5974025974025974,True,0.0016666666666666668,198635,67708,130.01979904109612,3.13.15,2.5.1,test,very_large,best_known
scpnrg2,BPWO,PWO,S2-ELIT,14,10,6000,6000,5273,156.0,1.2987012987012987,True,0.0016666666666666668,203519,69354,130.43815087527037,3.13.15,2.5.1,test,very_large,best_known
scpnrg2,BPWO,PWO,S2-ELIT,15,10,6000,6000,1072,157.0,1.948051948051948,True,0.0016666666666666668,204158,72024,131.35363508434966,3.13.15,2.5.1,test,very_large,best_known
scpnrg2,BPWO,PWO,S2-ELIT,16,10,6000,6000,209,159.0,3.2467532467532467,True,0.0016666666666666668,204733,69998,129.65663833310828,3.13.15,2.5.1,test,very_large,best_known
scpnrg2,BPWO,PWO,S2-ELIT,17,10,6000,6000,133,158.0,2.5974025974025974,True,0.0016666666666666668,203136,71238,129.98623374989256,3.13.15,2.5.1,test,very_large,best_known
scpnrg2,BPWO,PWO,S2-ELIT,18,10,6000,6000,183,159.0,3.2467532467532467,True,0.0016666666666666668,200225,67787,129.4296887498349,3.13.15,2.5.1,test,very_large,best_known
scpnrg2,BPWO,PWO,S2-ELIT,19,10,6000,6000,122,158.0,2.5974025974025974,True,0.0016666666666666668,198905,68005,130.20543991727754,3.13.15,2.5.1,test,very_large,best_known
scpnrg2,BPWO,PWO,S2-ELIT,2,10,6000,6000,143,158.0,2.5974025974025974,True,0.0016666666666666668,196366,65389,133.77172025013715,3.13.15,2.5.1,test,very_large,best_known
scpnrg2,BPWO,PWO,S2-ELIT,20,10,6000,6000,2279,158.0,2.5974025974025974,True,0.0016666666666666668,202726,69861,130.93070262484252,3.13.15,2.5.1,test,very_large,best_known
scpnrg2,BPWO,PWO,S2-ELIT,21,10,6000,6000,5328,156.0,1.2987012987012987,True,0.0016666666666666668,201478,69712,130.74955587508157,3.13.15,2.5.1,test,very_large,best_known
scpnrg2,BPWO,PWO,S2-ELIT,22,10,6000,6000,3241,157.0,1.948051948051948,True,0.0016666666666666668,200314,68453,131.69654249958694,3.13.15,2.5.1,test,very_large,best_known
scpnrg2,BPWO,PWO,S2-ELIT,23,10,6000,6000,87,158.0,2.5974025974025974,True,0.0016666666666666668,200101,68262,132.40272916620597,3.13.15,2.5.1,test,very_large,best_known
scpnrg2,BPWO,PWO,S2-ELIT,24,10,6000,6000,1255,158.0,2.5974025974025974,True,0.0016666666666666668,203855,69420,134.0520634581335,3.13.15,2.5.1,test,very_large,best_known
scpnrg2,BPWO,PWO,S2-ELIT,25,10,6000,6000,1193,158.0,2.5974025974025974,True,0.0016666666666666668,200384,67928,132.66000204207376,3.13.15,2.5.1,test,very_large,best_known
scpnrg2,BPWO,PWO,S2-ELIT,26,10,6000,6000,1554,158.0,2.5974025974025974,True,0.0016666666666666668,201177,69972,129.73324854113162,3.13.15,2.5.1,test,very_large,best_known
scpnrg2,BPWO,PWO,S2-ELIT,27,10,6000,6000,5627,156.0,1.2987012987012987,True,0.0016666666666666668,200989,68789,129.91764012537897,3.13.15,2.5.1,test,very_large,best_known
scpnrg2,BPWO,PWO,S2-ELIT,28,10,6000,6000,306,156.0,1.2987012987012987,True,0.0016666666666666668,198998,70170,130.38275033282116,3.13.15,2.5.1,test,very_large,best_known
scpnrg2,BPWO,PWO,S2-ELIT,29,10,6000,6000,5682,156.0,1.2987012987012987,True,0.0016666666666666668,201698,69277,130.80959291709587,3.13.15,2.5.1,test,very_large,best_known
scpnrg2,BPWO,PWO,S2-ELIT,3,10,6000,6000,73,158.0,2.5974025974025974,True,0.0016666666666666668,199212,68650,133.9154521250166,3.13.15,2.5.1,test,very_large,best_known
scpnrg2,BPWO,PWO,S2-ELIT,30,10,6000,6000,1018,158.0,2.5974025974025974,True,0.0016666666666666668,199892,66479,131.25165416719392,3.13.15,2.5.1,test,very_large,best_known
scpnrg2,BPWO,PWO,S2-ELIT,4,10,6000,6000,4004,156.0,1.2987012987012987,True,0.0016666666666666668,202604,68800,130.2200736659579,3.13.15,2.5.1,test,very_large,best_known
scpnrg2,BPWO,PWO,S2-ELIT,5,10,6000,6000,397,156.0,1.2987012987012987,True,0.0016666666666666668,200592,69987,131.3205187912099,3.13.15,2.5.1,test,very_large,best_known
scpnrg2,BPWO,PWO,S2-ELIT,6,10,6000,6000,3042,159.0,3.2467532467532467,True,0.0016666666666666668,201439,67321,130.5046695410274,3.13.15,2.5.1,test,very_large,best_known
scpnrg2,BPWO,PWO,S2-ELIT,7,10,6000,6000,4564,158.0,2.5974025974025974,True,0.0016666666666666668,201489,68197,131.01030370919034,3.13.15,2.5.1,test,very_large,best_known
scpnrg2,BPWO,PWO,S2-ELIT,8,10,6000,6000,1616,158.0,2.5974025974025974,True,0.0016666666666666668,196537,61841,129.02136820787564,3.13.15,2.5.1,test,very_large,best_known
scpnrg2,BPWO,PWO,S2-ELIT,9,10,6000,6000,5370,159.0,3.2467532467532467,True,0.0016666666666666668,201908,68008,129.94564762478694,3.13.15,2.5.1,test,very_large,best_known
scpnrg2,BPWO,PWO,V3-ELIT,0,10,6000,6000,3153,158.0,2.5974025974025974,True,0.0016666666666666668,218777,70145,137.91481504077092,3.13.15,2.5.1,test,very_large,best_known
scpnrg2,BPWO,PWO,V3-ELIT,1,10,6000,6000,412,159.0,3.2467532467532467,True,0.0016666666666666668,227283,75715,137.88004087517038,3.13.15,2.5.1,test,very_large,best_known
scpnrg2,BPWO,PWO,V3-ELIT,10,10,6000,6000,509,158.0,2.5974025974025974,True,0.0016666666666666668,217299,69573,126.40555433277041,3.13.15,2.5.1,test,very_large,best_known
scpnrg2,BPWO,PWO,V3-ELIT,11,10,6000,6000,1385,158.0,2.5974025974025974,True,0.0016666666666666668,216557,69970,123.73767708428204,3.13.15,2.5.1,test,very_large,best_known
scpnrg2,BPWO,PWO,V3-ELIT,12,10,6000,6000,2166,157.0,1.948051948051948,True,0.0016666666666666668,222077,72795,133.58740208297968,3.13.15,2.5.1,test,very_large,best_known
scpnrg2,BPWO,PWO,V3-ELIT,13,10,6000,6000,296,158.0,2.5974025974025974,True,0.0016666666666666668,217288,68534,131.691538750194,3.13.15,2.5.1,test,very_large,best_known
scpnrg2,BPWO,PWO,V3-ELIT,14,10,6000,6000,2023,158.0,2.5974025974025974,True,0.0016666666666666668,217078,69242,127.30843404214829,3.13.15,2.5.1,test,very_large,best_known
scpnrg2,BPWO,PWO,V3-ELIT,15,10,6000,6000,255,158.0,2.5974025974025974,True,0.0016666666666666668,216887,70092,123.35414604097605,3.13.15,2.5.1,test,very_large,best_known
scpnrg2,BPWO,PWO,V3-ELIT,16,10,6000,6000,575,159.0,3.2467532467532467,True,0.0016666666666666668,221330,73897,133.50578487478197,3.13.15,2.5.1,test,very_large,best_known
scpnrg2,BPWO,PWO,V3-ELIT,17,10,6000,6000,103,158.0,2.5974025974025974,True,0.0016666666666666668,214063,66957,131.6513858330436,3.13.15,2.5.1,test,very_large,best_known
scpnrg2,BPWO,PWO,V3-ELIT,18,10,6000,6000,4953,158.0,2.5974025974025974,True,0.0016666666666666668,217259,69638,127.53995245834813,3.13.15,2.5.1,test,very_large,best_known
scpnrg2,BPWO,PWO,V3-ELIT,19,10,6000,6000,123,158.0,2.5974025974025974,True,0.0016666666666666668,216760,70197,123.29256075015292,3.13.15,2.5.1,test,very_large,best_known
scpnrg2,BPWO,PWO,V3-ELIT,2,10,6000,6000,5843,158.0,2.5974025974025974,True,0.0016666666666666668,219412,69658,131.53265075013041,3.13.15,2.5.1,test,very_large,best_known
scpnrg2,BPWO,PWO,V3-ELIT,20,10,6000,6000,4473,158.0,2.5974025974025974,True,0.0016666666666666668,218747,70990,136.05775858322158,3.13.15,2.5.1,test,very_large,best_known
scpnrg2,BPWO,PWO,V3-ELIT,21,10,6000,6000,130,158.0,2.5974025974025974,True,0.0016666666666666668,219636,69409,134.29872991610318,3.13.15,2.5.1,test,very_large,best_known
scpnrg2,BPWO,PWO,V3-ELIT,22,10,6000,6000,1287,158.0,2.5974025974025974,True,0.0016666666666666668,218355,70677,129.71960425004363,3.13.15,2.5.1,test,very_large,best_known
scpnrg2,BPWO,PWO,V3-ELIT,23,10,6000,6000,1313,158.0,2.5974025974025974,True,0.0016666666666666668,215393,67751,124.66604058304802,3.13.15,2.5.1,test,very_large,best_known
scpnrg2,BPWO,PWO,V3-ELIT,24,10,6000,6000,688,159.0,3.2467532467532467,True,0.0016666666666666668,222130,73441,133.47325479239225,3.13.15,2.5.1,test,very_large,best_known
scpnrg2,BPWO,PWO,V3-ELIT,25,10,6000,6000,5394,157.0,1.948051948051948,True,0.0016666666666666668,219583,72211,131.75511966692284,3.13.15,2.5.1,test,very_large,best_known
scpnrg2,BPWO,PWO,V3-ELIT,26,10,6000,6000,3074,158.0,2.5974025974025974,True,0.0016666666666666668,216734,68141,127.40801858296618,3.13.15,2.5.1,test,very_large,best_known
scpnrg2,BPWO,PWO,V3-ELIT,27,10,6000,6000,122,158.0,2.5974025974025974,True,0.0016666666666666668,217878,68648,123.92794850002974,3.13.15,2.5.1,test,very_large,best_known
scpnrg2,BPWO,PWO,V3-ELIT,28,10,6000,6000,278,158.0,2.5974025974025974,True,0.0016666666666666668,215795,68239,135.70527962502092,3.13.15,2.5.1,test,very_large,best_known
scpnrg2,BPWO,PWO,V3-ELIT,29,10,6000,6000,2665,156.0,1.2987012987012987,True,0.0016666666666666668,218807,72246,135.67721283435822,3.13.15,2.5.1,test,very_large,best_known
scpnrg2,BPWO,PWO,V3-ELIT,3,10,6000,6000,526,158.0,2.5974025974025974,True,0.0016666666666666668,221762,70885,128.7940679579042,3.13.15,2.5.1,test,very_large,best_known
scpnrg2,BPWO,PWO,V3-ELIT,30,10,6000,6000,1357,157.0,1.948051948051948,True,0.0016666666666666668,218496,70560,132.67449341714382,3.13.15,2.5.1,test,very_large,best_known
scpnrg2,BPWO,PWO,V3-ELIT,4,10,6000,6000,1404,158.0,2.5974025974025974,True,0.0016666666666666668,221881,71258,134.43116137525067,3.13.15,2.5.1,test,very_large,best_known
scpnrg2,BPWO,PWO,V3-ELIT,5,10,6000,6000,148,159.0,3.2467532467532467,True,0.0016666666666666668,222020,73506,133.31565300002694,3.13.15,2.5.1,test,very_large,best_known
scpnrg2,BPWO,PWO,V3-ELIT,6,10,6000,6000,120,160.0,3.896103896103896,True,0.0016666666666666668,219132,66799,130.56922191707417,3.13.15,2.5.1,test,very_large,best_known
scpnrg2,BPWO,PWO,V3-ELIT,7,10,6000,6000,792,158.0,2.5974025974025974,True,0.0016666666666666668,219443,72156,126.87431850004941,3.13.15,2.5.1,test,very_large,best_known
scpnrg2,BPWO,PWO,V3-ELIT,8,10,6000,6000,94,158.0,2.5974025974025974,True,0.0016666666666666668,217798,70017,133.58966079168022,3.13.15,2.5.1,test,very_large,best_known
scpnrg2,BPWO,PWO,V3-ELIT,9,10,6000,6000,951,158.0,2.5974025974025974,True,0.0016666666666666668,221503,69816,132.18802437512204,3.13.15,2.5.1,test,very_large,best_known
scpnrg2,GREEDY,N/A,N/A,N/A,N/A,1,1,1,162.0,5.194805194805195,True,N/A,129,16,0.05593483382835984,3.13.15,2.5.1,test,very_large,best_known
scpnrh2,ABLATION_IID,IID,V3-ELIT,0,10,6000,6000,144,64.0,1.5873015873015872,True,0.0016666666666666668,233181,65261,146.89174149977043,3.13.15,2.5.1,test,very_large,best_known
scpnrh2,ABLATION_IID,IID,V3-ELIT,1,10,6000,6000,168,64.0,1.5873015873015872,True,0.0016666666666666668,229259,67719,154.09147691726685,3.13.15,2.5.1,test,very_large,best_known
scpnrh2,ABLATION_IID,IID,V3-ELIT,10,10,6000,6000,175,64.0,1.5873015873015872,True,0.0016666666666666668,228007,67257,154.07478866679594,3.13.15,2.5.1,test,very_large,best_known
scpnrh2,ABLATION_IID,IID,V3-ELIT,11,10,6000,6000,116,64.0,1.5873015873015872,True,0.0016666666666666668,228535,67254,152.42082479177043,3.13.15,2.5.1,test,very_large,best_known
scpnrh2,ABLATION_IID,IID,V3-ELIT,12,10,6000,6000,80,64.0,1.5873015873015872,True,0.0016666666666666668,227779,67143,151.57374841719866,3.13.15,2.5.1,test,very_large,best_known
scpnrh2,ABLATION_IID,IID,V3-ELIT,13,10,6000,6000,187,64.0,1.5873015873015872,True,0.0016666666666666668,228475,66963,153.50654458301142,3.13.15,2.5.1,test,very_large,best_known
scpnrh2,ABLATION_IID,IID,V3-ELIT,14,10,6000,6000,193,64.0,1.5873015873015872,True,0.0016666666666666668,230396,66690,152.7757579581812,3.13.15,2.5.1,test,very_large,best_known
scpnrh2,ABLATION_IID,IID,V3-ELIT,15,10,6000,6000,179,64.0,1.5873015873015872,True,0.0016666666666666668,227240,66797,151.2001490420662,3.13.15,2.5.1,test,very_large,best_known
scpnrh2,ABLATION_IID,IID,V3-ELIT,16,10,6000,6000,253,64.0,1.5873015873015872,True,0.0016666666666666668,229054,67339,148.83833258412778,3.13.15,2.5.1,test,very_large,best_known
scpnrh2,ABLATION_IID,IID,V3-ELIT,17,10,6000,6000,253,64.0,1.5873015873015872,True,0.0016666666666666668,228375,67265,152.53071979200467,3.13.15,2.5.1,test,very_large,best_known
scpnrh2,ABLATION_IID,IID,V3-ELIT,18,10,6000,6000,114,64.0,1.5873015873015872,True,0.0016666666666666668,229114,67300,151.66931287478656,3.13.15,2.5.1,test,very_large,best_known
scpnrh2,ABLATION_IID,IID,V3-ELIT,19,10,6000,6000,161,64.0,1.5873015873015872,True,0.0016666666666666668,228129,67105,150.8175160419196,3.13.15,2.5.1,test,very_large,best_known
scpnrh2,ABLATION_IID,IID,V3-ELIT,2,10,6000,6000,116,64.0,1.5873015873015872,True,0.0016666666666666668,228609,66953,153.5357122500427,3.13.15,2.5.1,test,very_large,best_known
scpnrh2,ABLATION_IID,IID,V3-ELIT,20,10,6000,6000,134,64.0,1.5873015873015872,True,0.0016666666666666668,228911,67713,149.23867537500337,3.13.15,2.5.1,test,very_large,best_known
scpnrh2,ABLATION_IID,IID,V3-ELIT,21,10,6000,6000,140,64.0,1.5873015873015872,True,0.0016666666666666668,227664,66802,152.77477704221383,3.13.15,2.5.1,test,very_large,best_known
scpnrh2,ABLATION_IID,IID,V3-ELIT,22,10,6000,6000,80,64.0,1.5873015873015872,True,0.0016666666666666668,228825,67439,153.61255879187956,3.13.15,2.5.1,test,very_large,best_known
scpnrh2,ABLATION_IID,IID,V3-ELIT,23,10,6000,6000,83,64.0,1.5873015873015872,True,0.0016666666666666668,228987,67528,150.9290929576382,3.13.15,2.5.1,test,very_large,best_known
scpnrh2,ABLATION_IID,IID,V3-ELIT,24,10,6000,6000,81,64.0,1.5873015873015872,True,0.0016666666666666668,227840,66525,148.3279268750921,3.13.15,2.5.1,test,very_large,best_known
scpnrh2,ABLATION_IID,IID,V3-ELIT,25,10,6000,6000,242,64.0,1.5873015873015872,True,0.0016666666666666668,228697,67370,152.50907899998128,3.13.15,2.5.1,test,very_large,best_known
scpnrh2,ABLATION_IID,IID,V3-ELIT,26,10,6000,6000,537,64.0,1.5873015873015872,True,0.0016666666666666668,229165,66912,150.77030095783994,3.13.15,2.5.1,test,very_large,best_known
scpnrh2,ABLATION_IID,IID,V3-ELIT,27,10,6000,6000,196,64.0,1.5873015873015872,True,0.0016666666666666668,228888,67603,149.710907000117,3.13.15,2.5.1,test,very_large,best_known
scpnrh2,ABLATION_IID,IID,V3-ELIT,28,10,6000,6000,49,64.0,1.5873015873015872,True,0.0016666666666666668,228330,67837,147.60821166681126,3.13.15,2.5.1,test,very_large,best_known
scpnrh2,ABLATION_IID,IID,V3-ELIT,29,10,6000,6000,105,64.0,1.5873015873015872,True,0.0016666666666666668,230649,67092,123.65308441594243,3.13.15,2.5.1,test,very_large,best_known
scpnrh2,ABLATION_IID,IID,V3-ELIT,3,10,6000,6000,541,65.0,3.1746031746031744,True,0.0016666666666666668,231433,63848,151.72904124995694,3.13.15,2.5.1,test,very_large,best_known
scpnrh2,ABLATION_IID,IID,V3-ELIT,30,10,6000,6000,2232,64.0,1.5873015873015872,True,0.0016666666666666668,229811,67197,123.06231899978593,3.13.15,2.5.1,test,very_large,best_known
scpnrh2,ABLATION_IID,IID,V3-ELIT,4,10,6000,6000,110,64.0,1.5873015873015872,True,0.0016666666666666668,229478,67703,149.15926608396694,3.13.15,2.5.1,test,very_large,best_known
scpnrh2,ABLATION_IID,IID,V3-ELIT,5,10,6000,6000,117,64.0,1.5873015873015872,True,0.0016666666666666668,228565,66347,152.2199753751047,3.13.15,2.5.1,test,very_large,best_known
scpnrh2,ABLATION_IID,IID,V3-ELIT,6,10,6000,6000,138,64.0,1.5873015873015872,True,0.0016666666666666668,228344,66801,151.75610204180703,3.13.15,2.5.1,test,very_large,best_known
scpnrh2,ABLATION_IID,IID,V3-ELIT,7,10,6000,6000,140,64.0,1.5873015873015872,True,0.0016666666666666668,228282,67080,150.01529066683725,3.13.15,2.5.1,test,very_large,best_known
scpnrh2,ABLATION_IID,IID,V3-ELIT,8,10,6000,6000,268,64.0,1.5873015873015872,True,0.0016666666666666668,228412,66810,147.9733995408751,3.13.15,2.5.1,test,very_large,best_known
scpnrh2,ABLATION_IID,IID,V3-ELIT,9,10,6000,6000,1767,64.0,1.5873015873015872,True,0.0016666666666666668,230150,66295,154.9843438747339,3.13.15,2.5.1,test,very_large,best_known
scpnrh2,BGWO,REFERENCE,V3-ELIT,0,10,6000,6000,252,64.0,1.5873015873015872,True,0.0016666666666666668,118339,59195,123.73819670826197,3.13.15,2.5.1,test,very_large,best_known
scpnrh2,BGWO,REFERENCE,V3-ELIT,1,10,6000,6000,242,64.0,1.5873015873015872,True,0.0016666666666666668,117623,59715,127.42023454187438,3.13.15,2.5.1,test,very_large,best_known
scpnrh2,BGWO,REFERENCE,V3-ELIT,10,10,6000,6000,1808,64.0,1.5873015873015872,True,0.0016666666666666668,119012,58720,126.73111337516457,3.13.15,2.5.1,test,very_large,best_known
scpnrh2,BGWO,REFERENCE,V3-ELIT,11,10,6000,6000,102,64.0,1.5873015873015872,True,0.0016666666666666668,117700,59448,129.7450512922369,3.13.15,2.5.1,test,very_large,best_known
scpnrh2,BGWO,REFERENCE,V3-ELIT,12,10,6000,6000,111,64.0,1.5873015873015872,True,0.0016666666666666668,117214,59143,131.99296525027603,3.13.15,2.5.1,test,very_large,best_known
scpnrh2,BGWO,REFERENCE,V3-ELIT,13,10,6000,6000,212,64.0,1.5873015873015872,True,0.0016666666666666668,118378,59180,125.71724549960345,3.13.15,2.5.1,test,very_large,best_known
scpnrh2,BGWO,REFERENCE,V3-ELIT,14,10,6000,6000,112,64.0,1.5873015873015872,True,0.0016666666666666668,117494,59616,125.52608420792967,3.13.15,2.5.1,test,very_large,best_known
scpnrh2,BGWO,REFERENCE,V3-ELIT,15,10,6000,6000,2201,64.0,1.5873015873015872,True,0.0016666666666666668,118274,59209,128.02928233286366,3.13.15,2.5.1,test,very_large,best_known
scpnrh2,BGWO,REFERENCE,V3-ELIT,16,10,6000,6000,1607,64.0,1.5873015873015872,True,0.0016666666666666668,117973,58642,129.56063687521964,3.13.15,2.5.1,test,very_large,best_known
scpnrh2,BGWO,REFERENCE,V3-ELIT,17,10,6000,6000,333,64.0,1.5873015873015872,True,0.0016666666666666668,118187,59182,127.0643757916987,3.13.15,2.5.1,test,very_large,best_known
scpnrh2,BGWO,REFERENCE,V3-ELIT,18,10,6000,6000,67,64.0,1.5873015873015872,True,0.0016666666666666668,117545,59615,126.28821062482893,3.13.15,2.5.1,test,very_large,best_known
scpnrh2,BGWO,REFERENCE,V3-ELIT,19,10,6000,6000,382,64.0,1.5873015873015872,True,0.0016666666666666668,118604,59435,130.18470149999484,3.13.15,2.5.1,test,very_large,best_known
scpnrh2,BGWO,REFERENCE,V3-ELIT,2,10,6000,6000,111,64.0,1.5873015873015872,True,0.0016666666666666668,117343,59363,127.82827945798635,3.13.15,2.5.1,test,very_large,best_known
scpnrh2,BGWO,REFERENCE,V3-ELIT,20,10,6000,6000,912,64.0,1.5873015873015872,True,0.0016666666666666668,118313,59340,132.40049116685987,3.13.15,2.5.1,test,very_large,best_known
scpnrh2,BGWO,REFERENCE,V3-ELIT,21,10,6000,6000,705,64.0,1.5873015873015872,True,0.0016666666666666668,118209,59390,127.0487037091516,3.13.15,2.5.1,test,very_large,best_known
scpnrh2,BGWO,REFERENCE,V3-ELIT,22,10,6000,6000,3431,64.0,1.5873015873015872,True,0.0016666666666666668,119343,58353,127.94977487483993,3.13.15,2.5.1,test,very_large,best_known
scpnrh2,BGWO,REFERENCE,V3-ELIT,23,10,6000,6000,120,64.0,1.5873015873015872,True,0.0016666666666666668,117953,59430,130.48516862513497,3.13.15,2.5.1,test,very_large,best_known
scpnrh2,BGWO,REFERENCE,V3-ELIT,24,10,6000,6000,294,64.0,1.5873015873015872,True,0.0016666666666666668,117884,59416,131.96898812474683,3.13.15,2.5.1,test,very_large,best_known
scpnrh2,BGWO,REFERENCE,V3-ELIT,25,10,6000,6000,61,64.0,1.5873015873015872,True,0.0016666666666666668,118418,60089,129.25511404220015,3.13.15,2.5.1,test,very_large,best_known
scpnrh2,BGWO,REFERENCE,V3-ELIT,26,10,6000,6000,294,64.0,1.5873015873015872,True,0.0016666666666666668,117063,59436,130.02368833310902,3.13.15,2.5.1,test,very_large,best_known
scpnrh2,BGWO,REFERENCE,V3-ELIT,27,10,6000,6000,172,64.0,1.5873015873015872,True,0.0016666666666666668,118249,59768,132.2544760829769,3.13.15,2.5.1,test,very_large,best_known
scpnrh2,BGWO,REFERENCE,V3-ELIT,28,10,6000,6000,1224,64.0,1.5873015873015872,True,0.0016666666666666668,119537,58948,127.7679697079584,3.13.15,2.5.1,test,very_large,best_known
scpnrh2,BGWO,REFERENCE,V3-ELIT,29,10,6000,6000,586,65.0,3.1746031746031744,True,0.0016666666666666668,120826,59618,97.1234828340821,3.13.15,2.5.1,test,very_large,best_known
scpnrh2,BGWO,REFERENCE,V3-ELIT,3,10,6000,6000,200,64.0,1.5873015873015872,True,0.0016666666666666668,117802,59251,130.71077570924535,3.13.15,2.5.1,test,very_large,best_known
scpnrh2,BGWO,REFERENCE,V3-ELIT,30,10,6000,6000,82,64.0,1.5873015873015872,True,0.0016666666666666668,117810,59432,96.95318745775148,3.13.15,2.5.1,test,very_large,best_known
scpnrh2,BGWO,REFERENCE,V3-ELIT,4,10,6000,6000,147,64.0,1.5873015873015872,True,0.0016666666666666668,117556,59761,132.5711632091552,3.13.15,2.5.1,test,very_large,best_known
scpnrh2,BGWO,REFERENCE,V3-ELIT,5,10,6000,6000,73,64.0,1.5873015873015872,True,0.0016666666666666668,116776,59318,126.39104225020856,3.13.15,2.5.1,test,very_large,best_known
scpnrh2,BGWO,REFERENCE,V3-ELIT,6,10,6000,6000,1059,64.0,1.5873015873015872,True,0.0016666666666666668,118089,58932,127.46207112492993,3.13.15,2.5.1,test,very_large,best_known
scpnrh2,BGWO,REFERENCE,V3-ELIT,7,10,6000,6000,464,64.0,1.5873015873015872,True,0.0016666666666666668,117481,59206,129.94273691717535,3.13.15,2.5.1,test,very_large,best_known
scpnrh2,BGWO,REFERENCE,V3-ELIT,8,10,6000,6000,269,64.0,1.5873015873015872,True,0.0016666666666666668,117490,59389,132.69285020790994,3.13.15,2.5.1,test,very_large,best_known
scpnrh2,BGWO,REFERENCE,V3-ELIT,9,10,6000,6000,715,64.0,1.5873015873015872,True,0.0016666666666666668,118466,59214,124.75884849997237,3.13.15,2.5.1,test,very_large,best_known
scpnrh2,BPSO,REFERENCE,V3-ELIT,0,10,6000,6000,2464,65.0,3.1746031746031744,True,0.0016666666666666668,284977,71220,156.12888279231265,3.13.15,2.5.1,test,very_large,best_known
scpnrh2,BPSO,REFERENCE,V3-ELIT,1,10,6000,6000,563,64.0,1.5873015873015872,True,0.0016666666666666668,295054,74458,170.11568370787427,3.13.15,2.5.1,test,very_large,best_known
scpnrh2,BPSO,REFERENCE,V3-ELIT,10,10,6000,6000,3996,64.0,1.5873015873015872,True,0.0016666666666666668,286689,70666,166.95918591693044,3.13.15,2.5.1,test,very_large,best_known
scpnrh2,BPSO,REFERENCE,V3-ELIT,11,10,6000,6000,2995,64.0,1.5873015873015872,True,0.0016666666666666668,297488,73309,171.59955229237676,3.13.15,2.5.1,test,very_large,best_known
scpnrh2,BPSO,REFERENCE,V3-ELIT,12,10,6000,6000,1432,65.0,3.1746031746031744,True,0.0016666666666666668,289980,68044,169.2915242924355,3.13.15,2.5.1,test,very_large,best_known
scpnrh2,BPSO,REFERENCE,V3-ELIT,13,10,6000,6000,72,64.0,1.5873015873015872,True,0.0016666666666666668,291700,73786,166.56979433307424,3.13.15,2.5.1,test,very_large,best_known
scpnrh2,BPSO,REFERENCE,V3-ELIT,14,10,6000,6000,389,64.0,1.5873015873015872,True,0.0016666666666666668,294593,74558,167.96712062507868,3.13.15,2.5.1,test,very_large,best_known
scpnrh2,BPSO,REFERENCE,V3-ELIT,15,10,6000,6000,68,66.0,4.761904761904762,True,0.0016666666666666668,283216,69031,163.68008529162034,3.13.15,2.5.1,test,very_large,best_known
scpnrh2,BPSO,REFERENCE,V3-ELIT,16,10,6000,6000,219,64.0,1.5873015873015872,True,0.0016666666666666668,294751,74470,170.68318849988282,3.13.15,2.5.1,test,very_large,best_known
scpnrh2,BPSO,REFERENCE,V3-ELIT,17,10,6000,6000,3831,65.0,3.1746031746031744,True,0.0016666666666666668,286347,69607,163.79543300019577,3.13.15,2.5.1,test,very_large,best_known
scpnrh2,BPSO,REFERENCE,V3-ELIT,18,10,6000,6000,1008,64.0,1.5873015873015872,True,0.0016666666666666668,292391,74951,167.08126258384436,3.13.15,2.5.1,test,very_large,best_known
scpnrh2,BPSO,REFERENCE,V3-ELIT,19,10,6000,6000,5344,64.0,1.5873015873015872,True,0.0016666666666666668,289919,70610,164.97071033436805,3.13.15,2.5.1,test,very_large,best_known
scpnrh2,BPSO,REFERENCE,V3-ELIT,2,10,6000,6000,115,64.0,1.5873015873015872,True,0.0016666666666666668,293360,75914,169.4736025831662,3.13.15,2.5.1,test,very_large,best_known
scpnrh2,BPSO,REFERENCE,V3-ELIT,20,10,6000,6000,248,65.0,3.1746031746031744,True,0.0016666666666666668,284832,65004,167.04788908269256,3.13.15,2.5.1,test,very_large,best_known
scpnrh2,BPSO,REFERENCE,V3-ELIT,21,10,6000,6000,1800,64.0,1.5873015873015872,True,0.0016666666666666668,293976,72871,167.53413645830005,3.13.15,2.5.1,test,very_large,best_known
scpnrh2,BPSO,REFERENCE,V3-ELIT,22,10,6000,6000,1311,65.0,3.1746031746031744,True,0.0016666666666666668,292308,71768,165.5138103752397,3.13.15,2.5.1,test,very_large,best_known
scpnrh2,BPSO,REFERENCE,V3-ELIT,23,10,6000,6000,381,64.0,1.5873015873015872,True,0.0016666666666666668,287390,71138,164.9591972497292,3.13.15,2.5.1,test,very_large,best_known
scpnrh2,BPSO,REFERENCE,V3-ELIT,24,10,6000,6000,191,64.0,1.5873015873015872,True,0.0016666666666666668,292976,72525,170.6339578749612,3.13.15,2.5.1,test,very_large,best_known
scpnrh2,BPSO,REFERENCE,V3-ELIT,25,10,6000,6000,2003,64.0,1.5873015873015872,True,0.0016666666666666668,292366,72256,168.0715406248346,3.13.15,2.5.1,test,very_large,best_known
scpnrh2,BPSO,REFERENCE,V3-ELIT,26,10,6000,6000,420,64.0,1.5873015873015872,True,0.0016666666666666668,292177,72220,168.24109908333048,3.13.15,2.5.1,test,very_large,best_known
scpnrh2,BPSO,REFERENCE,V3-ELIT,27,10,6000,6000,894,64.0,1.5873015873015872,True,0.0016666666666666668,291234,73709,166.96178970811889,3.13.15,2.5.1,test,very_large,best_known
scpnrh2,BPSO,REFERENCE,V3-ELIT,28,10,6000,6000,2407,66.0,4.761904761904762,True,0.0016666666666666668,282666,69171,166.79705145815387,3.13.15,2.5.1,test,very_large,best_known
scpnrh2,BPSO,REFERENCE,V3-ELIT,29,10,6000,6000,98,64.0,1.5873015873015872,True,0.0016666666666666668,292765,72537,142.44698020769283,3.13.15,2.5.1,test,very_large,best_known
scpnrh2,BPSO,REFERENCE,V3-ELIT,3,10,6000,6000,72,64.0,1.5873015873015872,True,0.0016666666666666668,294943,74500,169.5609922921285,3.13.15,2.5.1,test,very_large,best_known
scpnrh2,BPSO,REFERENCE,V3-ELIT,30,10,6000,6000,779,65.0,3.1746031746031744,True,0.0016666666666666668,286155,68655,140.19076637504622,3.13.15,2.5.1,test,very_large,best_known
scpnrh2,BPSO,REFERENCE,V3-ELIT,4,10,6000,6000,4667,64.0,1.5873015873015872,True,0.0016666666666666668,284995,72077,170.89896070817485,3.13.15,2.5.1,test,very_large,best_known
scpnrh2,BPSO,REFERENCE,V3-ELIT,5,10,6000,6000,4452,64.0,1.5873015873015872,True,0.0016666666666666668,291274,70696,168.087808791548,3.13.15,2.5.1,test,very_large,best_known
scpnrh2,BPSO,REFERENCE,V3-ELIT,6,10,6000,6000,334,64.0,1.5873015873015872,True,0.0016666666666666668,291446,73600,165.61060637515038,3.13.15,2.5.1,test,very_large,best_known
scpnrh2,BPSO,REFERENCE,V3-ELIT,7,10,6000,6000,152,66.0,4.761904761904762,True,0.0016666666666666668,286307,67701,165.51710020937026,3.13.15,2.5.1,test,very_large,best_known
scpnrh2,BPSO,REFERENCE,V3-ELIT,8,10,6000,6000,239,65.0,3.1746031746031744,True,0.0016666666666666668,293763,73026,170.372791999951,3.13.15,2.5.1,test,very_large,best_known
scpnrh2,BPSO,REFERENCE,V3-ELIT,9,10,6000,6000,3877,64.0,1.5873015873015872,True,0.0016666666666666668,295148,70114,171.6194426668808,3.13.15,2.5.1,test,very_large,best_known
scpnrh2,BPWO,PWO,S2-ELIT,0,10,6000,6000,57,66.0,4.761904761904762,True,0.0016666666666666668,106142,57904,125.01387016614899,3.13.15,2.5.1,test,very_large,best_known
scpnrh2,BPWO,PWO,S2-ELIT,1,10,6000,6000,1042,64.0,1.5873015873015872,True,0.0016666666666666668,101429,57659,126.46083316579461,3.13.15,2.5.1,test,very_large,best_known
scpnrh2,BPWO,PWO,S2-ELIT,10,10,6000,6000,352,64.0,1.5873015873015872,True,0.0016666666666666668,101114,57484,128.08392533427104,3.13.15,2.5.1,test,very_large,best_known
scpnrh2,BPWO,PWO,S2-ELIT,11,10,6000,6000,237,64.0,1.5873015873015872,True,0.0016666666666666668,101685,58314,128.0993481669575,3.13.15,2.5.1,test,very_large,best_known
scpnrh2,BPWO,PWO,S2-ELIT,12,10,6000,6000,5492,64.0,1.5873015873015872,True,0.0016666666666666668,100831,53979,125.83925029216334,3.13.15,2.5.1,test,very_large,best_known
scpnrh2,BPWO,PWO,S2-ELIT,13,10,6000,6000,55,64.0,1.5873015873015872,True,0.0016666666666666668,100925,57805,128.450147875119,3.13.15,2.5.1,test,very_large,best_known
scpnrh2,BPWO,PWO,S2-ELIT,14,10,6000,6000,121,64.0,1.5873015873015872,True,0.0016666666666666668,101710,58515,127.32898175017908,3.13.15,2.5.1,test,very_large,best_known
scpnrh2,BPWO,PWO,S2-ELIT,15,10,6000,6000,395,64.0,1.5873015873015872,True,0.0016666666666666668,101475,57955,126.89966329187155,3.13.15,2.5.1,test,very_large,best_known
scpnrh2,BPWO,PWO,S2-ELIT,16,10,6000,6000,99,64.0,1.5873015873015872,True,0.0016666666666666668,100423,57881,127.34110570792109,3.13.15,2.5.1,test,very_large,best_known
scpnrh2,BPWO,PWO,S2-ELIT,17,10,6000,6000,834,64.0,1.5873015873015872,True,0.0016666666666666668,101121,57725,126.77204987499863,3.13.15,2.5.1,test,very_large,best_known
scpnrh2,BPWO,PWO,S2-ELIT,18,10,6000,6000,281,64.0,1.5873015873015872,True,0.0016666666666666668,101476,57864,126.60314687527716,3.13.15,2.5.1,test,very_large,best_known
scpnrh2,BPWO,PWO,S2-ELIT,19,10,6000,6000,662,64.0,1.5873015873015872,True,0.0016666666666666668,101431,57640,126.54686183435842,3.13.15,2.5.1,test,very_large,best_known
scpnrh2,BPWO,PWO,S2-ELIT,2,10,6000,6000,1105,64.0,1.5873015873015872,True,0.0016666666666666668,102626,57717,126.94817345775664,3.13.15,2.5.1,test,very_large,best_known
scpnrh2,BPWO,PWO,S2-ELIT,20,10,6000,6000,2267,65.0,3.1746031746031744,True,0.0016666666666666668,97278,53654,125.76417720830068,3.13.15,2.5.1,test,very_large,best_known
scpnrh2,BPWO,PWO,S2-ELIT,21,10,6000,6000,1092,64.0,1.5873015873015872,True,0.0016666666666666668,101301,57073,128.09282950032502,3.13.15,2.5.1,test,very_large,best_known
scpnrh2,BPWO,PWO,S2-ELIT,22,10,6000,6000,4279,66.0,4.761904761904762,True,0.0016666666666666668,106118,58843,128.1298491251655,3.13.15,2.5.1,test,very_large,best_known
scpnrh2,BPWO,PWO,S2-ELIT,23,10,6000,6000,129,64.0,1.5873015873015872,True,0.0016666666666666668,100856,57818,127.76244537485763,3.13.15,2.5.1,test,very_large,best_known
scpnrh2,BPWO,PWO,S2-ELIT,24,10,6000,6000,151,64.0,1.5873015873015872,True,0.0016666666666666668,101261,57671,125.94299708399922,3.13.15,2.5.1,test,very_large,best_known
scpnrh2,BPWO,PWO,S2-ELIT,25,10,6000,6000,574,65.0,3.1746031746031744,True,0.0016666666666666668,102738,56523,127.62399870809168,3.13.15,2.5.1,test,very_large,best_known
scpnrh2,BPWO,PWO,S2-ELIT,26,10,6000,6000,104,64.0,1.5873015873015872,True,0.0016666666666666668,100749,57741,128.49411000031978,3.13.15,2.5.1,test,very_large,best_known
scpnrh2,BPWO,PWO,S2-ELIT,27,10,6000,6000,1082,64.0,1.5873015873015872,True,0.0016666666666666668,101907,58278,127.72981549985707,3.13.15,2.5.1,test,very_large,best_known
scpnrh2,BPWO,PWO,S2-ELIT,28,10,6000,6000,580,64.0,1.5873015873015872,True,0.0016666666666666668,101662,57813,128.0934982090257,3.13.15,2.5.1,test,very_large,best_known
scpnrh2,BPWO,PWO,S2-ELIT,29,10,6000,6000,3445,64.0,1.5873015873015872,True,0.0016666666666666668,102332,57003,104.22845495771617,3.13.15,2.5.1,test,very_large,best_known
scpnrh2,BPWO,PWO,S2-ELIT,3,10,6000,6000,244,64.0,1.5873015873015872,True,0.0016666666666666668,101106,58027,127.55330054089427,3.13.15,2.5.1,test,very_large,best_known
scpnrh2,BPWO,PWO,S2-ELIT,30,10,6000,6000,229,65.0,3.1746031746031744,True,0.0016666666666666668,102660,56228,102.39382187509909,3.13.15,2.5.1,test,very_large,best_known
scpnrh2,BPWO,PWO,S2-ELIT,4,10,6000,6000,277,64.0,1.5873015873015872,True,0.0016666666666666668,101423,58149,127.83470983384177,3.13.15,2.5.1,test,very_large,best_known
scpnrh2,BPWO,PWO,S2-ELIT,5,10,6000,6000,5602,64.0,1.5873015873015872,True,0.0016666666666666668,104729,54719,130.16041804198176,3.13.15,2.5.1,test,very_large,best_known
scpnrh2,BPWO,PWO,S2-ELIT,6,10,6000,6000,2419,64.0,1.5873015873015872,True,0.0016666666666666668,102237,57112,129.3350822078064,3.13.15,2.5.1,test,very_large,best_known
scpnrh2,BPWO,PWO,S2-ELIT,7,10,6000,6000,223,64.0,1.5873015873015872,True,0.0016666666666666668,101416,57991,132.202789042145,3.13.15,2.5.1,test,very_large,best_known
scpnrh2,BPWO,PWO,S2-ELIT,8,10,6000,6000,755,64.0,1.5873015873015872,True,0.0016666666666666668,102697,56934,130.86794991698116,3.13.15,2.5.1,test,very_large,best_known
scpnrh2,BPWO,PWO,S2-ELIT,9,10,6000,6000,188,64.0,1.5873015873015872,True,0.0016666666666666668,101421,57782,127.21337833302096,3.13.15,2.5.1,test,very_large,best_known
scpnrh2,BPWO,PWO,V3-ELIT,0,10,6000,6000,72,65.0,3.1746031746031744,True,0.0016666666666666668,111753,57212,119.38408629177138,3.13.15,2.5.1,test,very_large,best_known
scpnrh2,BPWO,PWO,V3-ELIT,1,10,6000,6000,284,64.0,1.5873015873015872,True,0.0016666666666666668,111372,57427,131.7902586250566,3.13.15,2.5.1,test,very_large,best_known
scpnrh2,BPWO,PWO,V3-ELIT,10,10,6000,6000,72,64.0,1.5873015873015872,True,0.0016666666666666668,110486,58572,128.99713754095137,3.13.15,2.5.1,test,very_large,best_known
scpnrh2,BPWO,PWO,V3-ELIT,11,10,6000,6000,129,64.0,1.5873015873015872,True,0.0016666666666666668,110412,58931,127.49760870914906,3.13.15,2.5.1,test,very_large,best_known
scpnrh2,BPWO,PWO,V3-ELIT,12,10,6000,6000,913,65.0,3.1746031746031744,True,0.0016666666666666668,112771,57197,123.668106041383,3.13.15,2.5.1,test,very_large,best_known
scpnrh2,BPWO,PWO,V3-ELIT,13,10,6000,6000,507,64.0,1.5873015873015872,True,0.0016666666666666668,106900,56336,129.85541866580024,3.13.15,2.5.1,test,very_large,best_known
scpnrh2,BPWO,PWO,V3-ELIT,14,10,6000,6000,3410,65.0,3.1746031746031744,True,0.0016666666666666668,118148,58499,129.68775554094464,3.13.15,2.5.1,test,very_large,best_known
scpnrh2,BPWO,PWO,V3-ELIT,15,10,6000,6000,70,65.0,3.1746031746031744,True,0.0016666666666666668,111473,56351,126.68887533294037,3.13.15,2.5.1,test,very_large,best_known
scpnrh2,BPWO,PWO,V3-ELIT,16,10,6000,6000,775,64.0,1.5873015873015872,True,0.0016666666666666668,107714,55127,123.927981083747,3.13.15,2.5.1,test,very_large,best_known
scpnrh2,BPWO,PWO,V3-ELIT,17,10,6000,6000,152,64.0,1.5873015873015872,True,0.0016666666666666668,109971,58867,128.04114066669717,3.13.15,2.5.1,test,very_large,best_known
scpnrh2,BPWO,PWO,V3-ELIT,18,10,6000,6000,124,64.0,1.5873015873015872,True,0.0016666666666666668,110309,58661,128.02197424974293,3.13.15,2.5.1,test,very_large,best_known
scpnrh2,BPWO,PWO,V3-ELIT,19,10,6000,6000,191,65.0,3.1746031746031744,True,0.0016666666666666668,115162,58107,126.71389154111966,3.13.15,2.5.1,test,very_large,best_known
scpnrh2,BPWO,PWO,V3-ELIT,2,10,6000,6000,71,64.0,1.5873015873015872,True,0.0016666666666666668,110139,58660,130.36588887497783,3.13.15,2.5.1,test,very_large,best_known
scpnrh2,BPWO,PWO,V3-ELIT,20,10,6000,6000,77,64.0,1.5873015873015872,True,0.0016666666666666668,110436,59162,122.95305658271536,3.13.15,2.5.1,test,very_large,best_known
scpnrh2,BPWO,PWO,V3-ELIT,21,10,6000,6000,204,66.0,4.761904761904762,True,0.0016666666666666668,115656,56155,128.40051604202017,3.13.15,2.5.1,test,very_large,best_known
scpnrh2,BPWO,PWO,V3-ELIT,22,10,6000,6000,102,64.0,1.5873015873015872,True,0.0016666666666666668,111229,59034,128.29214512510225,3.13.15,2.5.1,test,very_large,best_known
scpnrh2,BPWO,PWO,V3-ELIT,23,10,6000,6000,268,64.0,1.5873015873015872,True,0.0016666666666666668,111305,58693,127.44540550000966,3.13.15,2.5.1,test,very_large,best_known
scpnrh2,BPWO,PWO,V3-ELIT,24,10,6000,6000,2821,64.0,1.5873015873015872,True,0.0016666666666666668,112783,58005,124.79207383329049,3.13.15,2.5.1,test,very_large,best_known
scpnrh2,BPWO,PWO,V3-ELIT,25,10,6000,6000,163,64.0,1.5873015873015872,True,0.0016666666666666668,110060,59060,132.2501381249167,3.13.15,2.5.1,test,very_large,best_known
scpnrh2,BPWO,PWO,V3-ELIT,26,10,6000,6000,116,64.0,1.5873015873015872,True,0.0016666666666666668,110486,58799,131.82036670902744,3.13.15,2.5.1,test,very_large,best_known
scpnrh2,BPWO,PWO,V3-ELIT,27,10,6000,6000,125,64.0,1.5873015873015872,True,0.0016666666666666668,110276,58926,130.65490583330393,3.13.15,2.5.1,test,very_large,best_known
scpnrh2,BPWO,PWO,V3-ELIT,28,10,6000,6000,359,64.0,1.5873015873015872,True,0.0016666666666666668,110377,59085,125.92352083325386,3.13.15,2.5.1,test,very_large,best_known
scpnrh2,BPWO,PWO,V3-ELIT,29,10,6000,6000,179,65.0,3.1746031746031744,True,0.0016666666666666668,114952,58594,93.62868804112077,3.13.15,2.5.1,test,very_large,best_known
scpnrh2,BPWO,PWO,V3-ELIT,3,10,6000,6000,212,64.0,1.5873015873015872,True,0.0016666666666666668,110265,59161,128.58200887497514,3.13.15,2.5.1,test,very_large,best_known
scpnrh2,BPWO,PWO,V3-ELIT,30,10,6000,6000,279,64.0,1.5873015873015872,True,0.0016666666666666668,110263,58698,93.2786232503131,3.13.15,2.5.1,test,very_large,best_known
scpnrh2,BPWO,PWO,V3-ELIT,4,10,6000,6000,1457,65.0,3.1746031746031744,True,0.0016666666666666668,111650,57262,122.43918912485242,3.13.15,2.5.1,test,very_large,best_known
scpnrh2,BPWO,PWO,V3-ELIT,5,10,6000,6000,352,65.0,3.1746031746031744,True,0.0016666666666666668,110096,53884,130.30250566685572,3.13.15,2.5.1,test,very_large,best_known
scpnrh2,BPWO,PWO,V3-ELIT,6,10,6000,6000,586,66.0,4.761904761904762,True,0.0016666666666666668,114515,57007,130.98307695891708,3.13.15,2.5.1,test,very_large,best_known
scpnrh2,BPWO,PWO,V3-ELIT,7,10,6000,6000,2901,63.0,0.0,True,0.0016666666666666668,109183,55836,127.39094091625884,3.13.15,2.5.1,test,very_large,best_known
scpnrh2,BPWO,PWO,V3-ELIT,8,10,6000,6000,1177,64.0,1.5873015873015872,True,0.0016666666666666668,110392,57197,123.23110962519422,3.13.15,2.5.1,test,very_large,best_known
scpnrh2,BPWO,PWO,V3-ELIT,9,10,6000,6000,226,64.0,1.5873015873015872,True,0.0016666666666666668,110004,58478,129.69536662474275,3.13.15,2.5.1,test,very_large,best_known
scpnrh2,GREEDY,N/A,N/A,N/A,N/A,1,1,1,73.0,15.873015873015873,True,N/A,65,1,0.03059025015681982,3.13.15,2.5.1,test,very_large,best_known
